model,source,sequence,clip_id,mean_ms,p50_ms,p95_ms,max_ms,repeat_min_ms,repeat_max_ms,peak_allocated_mib,state_mib,keyframes,dense_fallbacks,gmc_calls,gmc_fallbacks,frames,repeats
da2_350,tum,rgbd_dataset_freiburg3_walking_static,tum:0,13.02077582884067,13.058096985332668,13.217891960812267,13.924355997005478,12.831994123871482,13.095853937215907,151.32373046875,0.0,0,0,0,0,256,5
da2_350,bonn,rgbd_bonn_crowd2,bonn:0,12.826710127183105,12.820407006074674,12.966542052163277,18.940604000817984,12.772177518854733,12.86313932041594,151.32373046875,0.0,0,0,0,0,256,5
da2_350,bonn,rgbd_bonn_person_tracking2,bonn:3,12.819509353084868,12.8216619923478,12.95634153939318,13.485595991369337,12.761170679937095,12.858210835133832,151.32373046875,0.0,0,0,0,0,256,5
da2_350,bonn,rgbd_bonn_static_close_far,bonn:5,12.938821815737356,12.9381349979667,13.03842602937948,13.61309498315677,12.92975359342563,12.955075140894223,151.32373046875,0.0,0,0,0,0,256,5
sparse_k60,tum,rgbd_dataset_freiburg3_walking_static,tum:0,8.099631987852263,8.682919986313209,8.841490358463489,9.254123986465856,8.061194413699013,8.129008491778222,63.67822265625,13.5009765625,5,13,0,0,256,5
sparse_k60,bonn,rgbd_bonn_crowd2,bonn:0,8.438183722341819,8.500001509673893,8.660880709066987,14.543868019245565,8.372396250479142,8.464677500910511,63.67822265625,13.5009765625,5,87,0,0,256,5
sparse_k60,bonn,rgbd_bonn_person_tracking2,bonn:3,8.461217226954432,8.53947299765423,8.706227550283074,9.104591008508578,8.383865789824085,8.505506668257112,63.67822265625,13.5009765625,5,52,0,0,256,5
sparse_k60,bonn,rgbd_bonn_static_close_far,bonn:5,7.631672483512375,6.938756501767784,8.765315063646995,9.069890977116302,7.616298794346221,7.653502474113338,63.67822265625,13.5009765625,5,9,0,0,256,5
midas_256,tum,rgbd_dataset_freiburg3_walking_static,tum:0,9.530348985231285,9.581223494024016,9.679088361735921,10.822898999322206,9.376175253692054,9.60120181559887,156.75244140625,0.0,0,0,0,0,256,5
midas_256,bonn,rgbd_bonn_crowd2,bonn:0,9.308068212612852,9.315285496995784,9.452454787970055,14.269570994656533,9.244029746469096,9.358566502896792,156.75244140625,0.0,0,0,0,0,256,5
midas_256,bonn,rgbd_bonn_person_tracking2,bonn:3,9.321771656618694,9.351729007903486,9.505546239961404,10.655133984982967,9.263293398589667,9.443634594504147,156.75244140625,0.0,0,0,0,0,256,5
midas_256,bonn,rgbd_bonn_static_close_far,bonn:5,9.415459098772772,9.451263496885076,9.543263648811262,11.029207991668954,9.360680440408942,9.470322248375851,156.75244140625,0.0,0,0,0,0,256,5
gmc_k30,tum,rgbd_dataset_freiburg3_walking_static,tum:0,8.63424453452808,8.672290510730818,8.951481948315632,9.719101013615727,8.508231113523834,8.701217750171963,63.86865234375,13.5009765625,9,207,247,0,256,5
gmc_k30,bonn,rgbd_bonn_crowd2,bonn:0,8.385730738632446,8.440250996500254,8.599491181666963,13.507630006643012,8.25475308181467,8.458287265966646,63.86865234375,13.5009765625,9,211,247,0,256,5
gmc_k30,bonn,rgbd_bonn_person_tracking2,bonn:3,8.436482228148634,8.443179001915269,8.76390577031998,13.47869000164792,8.355603782206344,8.459696960699148,63.86865234375,13.5009765625,9,212,247,0,256,5
gmc_k30,bonn,rgbd_bonn_static_close_far,bonn:5,8.60753257518354,8.608569492935203,8.872931603400502,10.3655599814374,8.531632073754736,8.642749551540874,63.86865234375,13.5009765625,9,127,247,0,256,5
da2_518,tum,rgbd_dataset_freiburg3_walking_static,tum:0,14.544176043182233,14.575601991964504,14.660819254640955,15.341035003075376,14.415510186609026,14.601240245497138,209.85107421875,0.0,0,0,0,0,256,5
da2_518,bonn,rgbd_bonn_crowd2,bonn:0,14.306594470281198,14.313105508335866,14.426932696369477,15.150174993323162,14.242540912732693,14.329022843412531,209.85107421875,0.0,0,0,0,0,256,5
da2_518,bonn,rgbd_bonn_person_tracking2,bonn:3,14.379865947307735,14.363473004777916,14.513028897636104,18.44582997728139,14.346071740192201,14.397431265138039,209.85107421875,0.0,0,0,0,0,256,5
da2_518,bonn,rgbd_bonn_static_close_far,bonn:5,14.472590319110168,14.485015490208752,14.57492544723209,15.246413997374475,14.395521908681985,14.495979854586949,209.85107421875,0.0,0,0,0,0,256,5
sparse_k30,tum,rgbd_dataset_freiburg3_walking_static,tum:0,7.489301907980916,7.89665499178227,8.177153981523588,8.338266983628273,7.363341473478613,7.555560523201166,63.67822265625,13.5009765625,9,15,0,0,256,5
sparse_k30,bonn,rgbd_bonn_crowd2,bonn:0,7.706703386065783,7.665145501960069,7.965701892680954,8.627361006801948,7.546453343934445,7.77724551198844,63.67822265625,13.5009765625,9,89,0,0,256,5
sparse_k30,bonn,rgbd_bonn_person_tracking2,bonn:3,7.811686574655141,7.888883992563933,8.028357719013002,8.288454002467915,7.808530691590931,7.816397254714502,63.67822265625,13.5009765625,9,56,0,0,256,5
sparse_k30,bonn,rgbd_bonn_static_close_far,bonn:5,6.9920534262564615,6.277883003349416,8.061397353594657,8.255129010649398,6.985304210843424,7.000077610541666,63.67822265625,13.5009765625,9,9,0,0,256,5
output_hold,tum,rgbd_dataset_freiburg3_walking_static,tum:0,7.084918464761358,7.738620493910275,7.816878324956633,9.569509013090283,6.924247297888542,7.128941253881749,51.17919921875,1.0009765625,9,15,0,0,256,5
output_hold,bonn,rgbd_bonn_crowd2,bonn:0,7.519701140563484,7.516379497246817,7.6094920237665065,13.517037994461134,7.5102130165305425,7.542621699144547,51.17919921875,1.0009765625,9,89,0,0,256,5
output_hold,bonn,rgbd_bonn_person_tracking2,bonn:3,7.495771385424632,7.533040989073925,7.651579796220176,9.143701987341046,7.468222887268894,7.512379175409478,51.17919921875,1.0009765625,9,56,0,0,256,5
output_hold,bonn,rgbd_bonn_static_close_far,bonn:5,6.486511905586667,5.622078999294899,7.705976991564967,8.207762992242351,6.468611043146666,6.502512582073905,51.17919921875,1.0009765625,9,9,0,0,256,5
da2_256,tum,rgbd_dataset_freiburg3_walking_static,tum:0,9.672651454343395,9.722909511765465,9.78215226350585,10.201111988862976,9.57640588671893,9.706850360089447,128.61474609375,0.0,0,0,0,0,256,5
da2_256,bonn,rgbd_bonn_crowd2,bonn:0,9.477928506180433,9.471710000070743,9.57789753592806,11.027753993403167,9.45247164452212,9.491442109947457,128.61474609375,0.0,0,0,0,0,256,5
da2_256,bonn,rgbd_bonn_person_tracking2,bonn:3,9.49090906251513,9.5072514959611,9.620701613312121,9.954512002877891,9.452971007817723,9.520738766013892,128.61474609375,0.0,0,0,0,0,256,5
da2_256,bonn,rgbd_bonn_static_close_far,bonn:5,9.627539244252148,9.631620996515267,9.705731090798508,10.185331018874422,9.608905651475652,9.645898480357573,128.61474609375,0.0,0,0,0,0,256,5
sparse_k5,tum,rgbd_dataset_freiburg3_walking_static,tum:0,7.683082759103854,7.943722506752238,8.19129562296439,8.36757497745566,7.635977724589793,7.706818613996802,63.67822265625,13.5009765625,52,20,0,0,256,5
sparse_k5,bonn,rgbd_bonn_crowd2,bonn:0,7.7063362406534,7.646701502380893,7.975872793758754,8.146047999616712,7.575762624696836,7.740387786498104,63.67822265625,13.5009765625,52,89,0,0,256,5
sparse_k5,bonn,rgbd_bonn_person_tracking2,bonn:3,7.717534620496735,7.693053994444199,8.018344252195675,8.282616996439174,7.509922437634486,7.7704569700927095,63.67822265625,13.5009765625,52,66,0,0,256,5
sparse_k5,bonn,rgbd_bonn_static_close_far,bonn:5,7.348722281039954,7.706886011874303,8.07699918950675,8.294250001199543,7.1605357496764555,7.40783130413547,63.67822265625,13.5009765625,52,10,0,0,256,5
midas_192,tum,rgbd_dataset_freiburg3_walking_static,tum:0,9.957441326241678,10.015960011514835,10.159356337680947,14.811861998168752,9.929925074516177,9.996156336455897,154.56201171875,0.0,0,0,0,0,256,5
midas_192,bonn,rgbd_bonn_crowd2,bonn:0,9.82464097785396,9.827662506722845,9.997608355479315,11.028795997845009,9.783520101564136,9.884438328299439,154.56201171875,0.0,0,0,0,0,256,5
midas_192,bonn,rgbd_bonn_person_tracking2,bonn:3,9.740541601536279,9.774910504347645,9.955072462616954,11.025806015823036,9.59520218043508,9.829325922169119,154.56201171875,0.0,0,0,0,0,256,5
midas_192,bonn,rgbd_bonn_static_close_far,bonn:5,9.829398584383853,9.893741487758234,10.071745251480024,11.737255001207814,9.657405131292762,9.977909519648165,154.56201171875,0.0,0,0,0,0,256,5
dense_reset,tum,rgbd_dataset_freiburg3_walking_static,tum:0,7.645914594718306,7.644186000106856,7.699449454958085,11.451166996266693,7.622677546578416,7.658796296709625,49.42626953125,0.0,256,0,0,0,256,5
dense_reset,bonn,rgbd_bonn_crowd2,bonn:0,7.335861721526271,7.364142991718836,7.4698885044199415,8.61079100286588,7.159302995660255,7.387975387132428,49.42626953125,0.0,256,0,0,0,256,5
dense_reset,bonn,rgbd_bonn_person_tracking2,bonn:3,7.380394043730121,7.404175499686971,7.519759651040658,11.70314199407585,7.195562843890002,7.447732709010779,49.42626953125,0.0,256,0,0,0,256,5
dense_reset,bonn,rgbd_bonn_static_close_far,bonn:5,7.463314065103077,7.514399505453184,7.599499504431151,8.119378995615989,7.398241000259986,7.52774452439553,49.42626953125,0.0,256,0,0,0,256,5
midas_384,tum,rgbd_dataset_freiburg3_walking_static,tum:0,11.643124961415197,11.532204007380642,12.038358869904187,14.69617898692377,11.50499442792352,11.829495125425638,160.60791015625,0.0,0,0,0,0,256,5
midas_384,bonn,rgbd_bonn_crowd2,bonn:0,11.424256978853009,11.327290485496633,11.733785504475236,15.278470003977418,11.266558289548811,11.634786535751118,160.60791015625,0.0,0,0,0,0,256,5
midas_384,bonn,rgbd_bonn_person_tracking2,bonn:3,11.482585257590472,11.445304000517353,11.901646001206245,19.073669012868777,11.338088522848011,11.728857875596077,160.60791015625,0.0,0,0,0,0,256,5
midas_384,bonn,rgbd_bonn_static_close_far,bonn:5,11.767490613920017,11.765121002099477,11.946933157742023,14.661621011327952,11.751998174986511,11.777255319657343,160.60791015625,0.0,0,0,0,0,256,5
sparse_k10,tum,rgbd_dataset_freiburg3_walking_static,tum:0,7.5916143809763525,8.071902499068528,8.190149880829267,9.36814397573471,7.587512675058861,7.592958331315458,63.67822265625,13.5009765625,26,16,0,0,256,5
sparse_k10,bonn,rgbd_bonn_crowd2,bonn:0,7.716479273881305,7.650277504581027,7.961802737554535,13.424998993286863,7.643282285130226,7.757298468050067,63.67822265625,13.5009765625,26,90,0,0,256,5
sparse_k10,bonn,rgbd_bonn_person_tracking2,bonn:3,7.7862496362740785,7.874591494328342,8.024357137037441,9.000869002193213,7.7838421957494575,7.788249317172813,63.67822265625,13.5009765625,26,63,0,0,256,5
sparse_k10,bonn,rgbd_bonn_static_close_far,bonn:5,7.204061387255933,7.706807009526528,8.069867198355496,12.94902601512149,7.141735895174861,7.236468156520459,63.67822265625,13.5009765625,26,8,0,0,256,5
da2_196,tum,rgbd_dataset_freiburg3_walking_static,tum:0,9.3604969213402,9.355790010886267,9.413715996197425,16.868200997123495,9.346205153406117,9.385617897464726,117.81884765625,0.0,0,0,0,0,256,5
da2_196,bonn,rgbd_bonn_crowd2,bonn:0,9.100742429313868,9.087645506951958,9.193335846066475,10.193147987592965,9.092147617366209,9.111442761991384,117.81884765625,0.0,0,0,0,0,256,5
da2_196,bonn,rgbd_bonn_person_tracking2,bonn:3,9.10643263628117,9.116196510149166,9.237776698137168,16.76929899258539,9.005293230984535,9.14256268401914,117.81884765625,0.0,0,0,0,0,256,5
da2_196,bonn,rgbd_bonn_static_close_far,bonn:5,9.241934733358903,9.246176006854512,9.316118081915192,9.867561981081963,9.238904132644166,9.250144585962516,117.81884765625,0.0,0,0,0,0,256,5
dense_carry,tum,rgbd_dataset_freiburg3_walking_static,tum:0,7.640073510719958,7.637938993866555,7.701535166415852,8.218308008508757,7.6347887350038945,7.645191878282276,61.42626953125,12.0,256,0,0,0,256,5
dense_carry,bonn,rgbd_bonn_crowd2,bonn:0,7.359540280208421,7.366549500147812,7.462817226769403,9.031992987729609,7.312890715638787,7.382267344041793,61.42626953125,12.0,256,0,0,0,256,5
dense_carry,bonn,rgbd_bonn_person_tracking2,bonn:3,7.328343863878217,7.373348009423353,7.509626299724914,13.359655975364149,7.155833945489576,7.434083339262543,61.42626953125,12.0,256,0,0,0,256,5
dense_carry,bonn,rgbd_bonn_static_close_far,bonn:5,7.517839239881141,7.527189518441446,7.5958783039823174,11.328818975016475,7.476232091221391,7.5344863460031775,61.42626953125,12.0,256,0,0,0,256,5
