model,sequence,event,unique_frames,timed_frames_with_repeats,mean_ms,p95_ms
da2_350,rgbd_dataset_freiburg3_walking_static,single_frame,256,1280,13.02077582884067,13.217891960812267
da2_350,rgbd_bonn_crowd2,single_frame,256,1280,12.826710127183105,12.966542052163277
da2_350,rgbd_bonn_person_tracking2,single_frame,256,1280,12.819509353084868,12.95634153939318
da2_350,rgbd_bonn_static_close_far,single_frame,256,1280,12.938821815737356,13.03842602937948
sparse_k60,rgbd_dataset_freiburg3_walking_static,keyframe,5,25,8.525317842140794,9.04715201468207
sparse_k60,rgbd_dataset_freiburg3_walking_static,sparse,238,1190,8.069024685239068,8.843299037835095
sparse_k60,rgbd_dataset_freiburg3_walking_static,dense_fallback,13,65,8.49625573789056,8.565245603676885
sparse_k60,rgbd_bonn_crowd2,keyframe,5,25,8.611783043015748,9.865112003171815
sparse_k60,rgbd_bonn_crowd2,sparse,164,820,8.528165139964917,8.690545056015253
sparse_k60,rgbd_bonn_crowd2,dense_fallback,87,435,8.258586606323911,8.368272709776647
sparse_k60,rgbd_bonn_person_tracking2,keyframe,5,25,8.360820283414796,8.984489814611152
sparse_k60,rgbd_bonn_person_tracking2,sparse,199,995,8.525861812557736,8.715996891260147
sparse_k60,rgbd_bonn_person_tracking2,dense_fallback,52,260,8.223480922774447,8.370066017960198
sparse_k60,rgbd_bonn_static_close_far,keyframe,5,25,8.517828801413998,9.020300809061155
sparse_k60,rgbd_bonn_static_close_far,sparse,242,1210,7.584674296634126,8.763909844856244
sparse_k60,rgbd_bonn_static_close_far,dense_fallback,9,45,8.403092442959961,8.488421607762575
midas_256,rgbd_dataset_freiburg3_walking_static,single_frame,256,1280,9.530348985231285,9.679088361735921
midas_256,rgbd_bonn_crowd2,single_frame,256,1280,9.308068212612852,9.452454787970055
midas_256,rgbd_bonn_person_tracking2,single_frame,256,1280,9.321771656618694,9.505546239961404
midas_256,rgbd_bonn_static_close_far,single_frame,256,1280,9.415459098772772,9.543263648811262
gmc_k30,rgbd_dataset_freiburg3_walking_static,keyframe,9,45,7.820808733554764,8.273117808857933
gmc_k30,rgbd_dataset_freiburg3_walking_static,dense_fallback,207,1035,8.623751105570824,8.817539297160693
gmc_k30,rgbd_dataset_freiburg3_walking_static,sparse,35,175,8.896855171270934,9.112476601148956
gmc_k30,rgbd_dataset_freiburg3_walking_static,other_all_active,5,25,8.694582477910444,8.786315785255283
gmc_k30,rgbd_bonn_crowd2,keyframe,9,45,7.779272998191623,8.507461799308656
gmc_k30,rgbd_bonn_crowd2,dense_fallback,211,1055,8.398230535296008,8.56934230250772
gmc_k30,rgbd_bonn_crowd2,other_all_active,31,155,8.438488218234852,8.660470307222567
gmc_k30,rgbd_bonn_crowd2,sparse,5,25,8.622766878688708,8.816714998101816
gmc_k30,rgbd_bonn_person_tracking2,keyframe,9,45,7.73507637786679,8.46337300608866
gmc_k30,rgbd_bonn_person_tracking2,dense_fallback,212,1060,8.425598834033941,8.548256060748827
gmc_k30,rgbd_bonn_person_tracking2,sparse,26,130,8.763113784908246,8.850648389488924
gmc_k30,rgbd_bonn_person_tracking2,other_all_active,9,45,8.450650198048809,8.538672799477354
gmc_k30,rgbd_bonn_static_close_far,keyframe,9,45,7.757532401269095,8.071136602666229
gmc_k30,rgbd_bonn_static_close_far,sparse,119,595,8.759970541215823,8.904642594279721
gmc_k30,rgbd_bonn_static_close_far,dense_fallback,127,635,8.524754685331429,8.633102296153083
gmc_k30,rgbd_bonn_static_close_far,other_all_active,1,5,8.630208193790168,8.646935998694971
da2_518,rgbd_dataset_freiburg3_walking_static,single_frame,256,1280,14.544176043182233,14.660819254640955
da2_518,rgbd_bonn_crowd2,single_frame,256,1280,14.306594470281198,14.426932696369477
da2_518,rgbd_bonn_person_tracking2,single_frame,256,1280,14.379865947307735,14.513028897636104
da2_518,rgbd_bonn_static_close_far,single_frame,256,1280,14.472590319110168,14.57492544723209
sparse_k30,rgbd_dataset_freiburg3_walking_static,keyframe,9,45,7.815904420567676,8.220025192713365
sparse_k30,rgbd_dataset_freiburg3_walking_static,sparse,232,1160,7.45566714088862,8.178555333870463
sparse_k30,rgbd_dataset_freiburg3_walking_static,dense_fallback,15,75,7.813558131456375,7.912911183666438
sparse_k30,rgbd_bonn_crowd2,keyframe,9,45,7.553566334536299,7.919185992795974
sparse_k30,rgbd_bonn_crowd2,sparse,158,790,7.80665766108115,7.974247861420736
sparse_k30,rgbd_bonn_crowd2,dense_fallback,89,445,7.544742240125753,7.6615611906163394
sparse_k30,rgbd_bonn_person_tracking2,keyframe,9,45,7.6200782004485115,7.939099194481969
sparse_k30,rgbd_bonn_person_tracking2,sparse,191,955,7.879339690723685,8.038953092182055
sparse_k30,rgbd_bonn_person_tracking2,dense_fallback,56,280,7.611735328204564,7.723103398166131
sparse_k30,rgbd_bonn_static_close_far,keyframe,9,45,7.746454732518436,8.106278587365523
sparse_k30,rgbd_bonn_static_close_far,sparse,238,1190,6.93506297370235,8.061510843981523
sparse_k30,rgbd_bonn_static_close_far,dense_fallback,9,45,7.744732976425439,7.812556199496612
output_hold,rgbd_dataset_freiburg3_walking_static,keyframe,9,45,7.763898842838696,8.221018000040203
output_hold,rgbd_dataset_freiburg3_walking_static,sparse,232,1160,7.01635544826096,7.816563337109983
output_hold,rgbd_dataset_freiburg3_walking_static,dense_fallback,15,75,7.73797155978779,7.813810303923674
output_hold,rgbd_bonn_crowd2,keyframe,9,45,7.651242223154339,8.08953859959729
output_hold,rgbd_bonn_crowd2,sparse,158,790,7.518979282077119,7.615191498189233
output_hold,rgbd_bonn_crowd2,dense_fallback,89,445,7.507680734917731,7.58693739771843
output_hold,rgbd_bonn_person_tracking2,keyframe,9,45,7.562852243427187,8.102276595309377
output_hold,rgbd_bonn_person_tracking2,sparse,191,955,7.488992060924739,7.652431706083007
output_hold,rgbd_bonn_person_tracking2,dense_fallback,56,280,7.508112872164929,7.628587511135265
output_hold,rgbd_bonn_static_close_far,keyframe,9,45,7.654111909990509,8.103006996680051
output_hold,rgbd_bonn_static_close_far,sparse,238,1190,6.398219149779849,7.703011491685174
output_hold,rgbd_bonn_static_close_far,dense_fallback,9,45,7.653764776963119,7.706222403794527
da2_256,rgbd_dataset_freiburg3_walking_static,single_frame,256,1280,9.672651454343395,9.78215226350585
da2_256,rgbd_bonn_crowd2,single_frame,256,1280,9.477928506180433,9.57789753592806
da2_256,rgbd_bonn_person_tracking2,single_frame,256,1280,9.49090906251513,9.620701613312121
da2_256,rgbd_bonn_static_close_far,single_frame,256,1280,9.627539244252148,9.705731090798508
sparse_k5,rgbd_dataset_freiburg3_walking_static,keyframe,52,260,7.818968523777305,7.873962205485441
sparse_k5,rgbd_dataset_freiburg3_walking_static,sparse,184,920,7.62542172536917,8.197582475258969
sparse_k5,rgbd_dataset_freiburg3_walking_static,dense_fallback,20,100,7.860261281311978,7.922987533675041
sparse_k5,rgbd_bonn_crowd2,keyframe,52,260,7.547510304273321,7.66285459685605
sparse_k5,rgbd_bonn_crowd2,sparse,115,575,7.874505954399786,7.992361090146005
sparse_k5,rgbd_bonn_crowd2,dense_fallback,89,445,7.581835472236879,7.678988808766007
sparse_k5,rgbd_bonn_person_tracking2,keyframe,52,260,7.562329092336138,7.70733524550451
sparse_k5,rgbd_bonn_person_tracking2,sparse,138,690,7.837914368449845,8.038624694745522
sparse_k5,rgbd_bonn_person_tracking2,dense_fallback,66,330,7.588114654539492,7.726024866860826
sparse_k5,rgbd_bonn_static_close_far,keyframe,52,260,7.65024060439408,7.765974893118255
sparse_k5,rgbd_bonn_static_close_far,sparse,194,970,7.249773980013921,8.084880154638086
sparse_k5,rgbd_bonn_static_close_far,dense_fallback,10,50,7.7004240395035595,7.801099887001328
midas_192,rgbd_dataset_freiburg3_walking_static,single_frame,256,1280,9.957441326241678,10.159356337680947
midas_192,rgbd_bonn_crowd2,single_frame,256,1280,9.82464097785396,9.997608355479315
midas_192,rgbd_bonn_person_tracking2,single_frame,256,1280,9.740541601536279,9.955072462616954
midas_192,rgbd_bonn_static_close_far,single_frame,256,1280,9.829398584383853,10.071745251480024
dense_reset,rgbd_dataset_freiburg3_walking_static,dense,256,1280,7.645914594718306,7.699449454958085
dense_reset,rgbd_bonn_crowd2,dense,256,1280,7.335861721526271,7.4698885044199415
dense_reset,rgbd_bonn_person_tracking2,dense,256,1280,7.380394043730121,7.519759651040658
dense_reset,rgbd_bonn_static_close_far,dense,256,1280,7.463314065103077,7.599499504431151
midas_384,rgbd_dataset_freiburg3_walking_static,single_frame,256,1280,11.643124961415197,12.038358869904187
midas_384,rgbd_bonn_crowd2,single_frame,256,1280,11.424256978853009,11.733785504475236
midas_384,rgbd_bonn_person_tracking2,single_frame,256,1280,11.482585257590472,11.901646001206245
midas_384,rgbd_bonn_static_close_far,single_frame,256,1280,11.767490613920017,11.946933157742023
sparse_k10,rgbd_dataset_freiburg3_walking_static,keyframe,26,130,7.837008200182866,7.921015701140277
sparse_k10,rgbd_dataset_freiburg3_walking_static,sparse,214,1070,7.540875229555852,8.196154719917104
sparse_k10,rgbd_dataset_freiburg3_walking_static,dense_fallback,16,80,7.871485575014958,7.942108970019035
sparse_k10,rgbd_bonn_crowd2,keyframe,26,130,7.572077484487986,7.617072892026044
sparse_k10,rgbd_bonn_crowd2,sparse,140,700,7.839352264127228,7.986301663913764
sparse_k10,rgbd_bonn_crowd2,dense_fallback,90,450,7.567059583767938,7.659362886624876
sparse_k10,rgbd_bonn_person_tracking2,keyframe,26,130,7.5934914621309595,7.705746393185109
sparse_k10,rgbd_bonn_person_tracking2,sparse,167,835,7.883735434856255,8.039514187839814
sparse_k10,rgbd_bonn_person_tracking2,dense_fallback,63,315,7.607385892853407,7.711555194691755
sparse_k10,rgbd_bonn_static_close_far,keyframe,26,130,7.728588506310748,7.781225295912009
sparse_k10,rgbd_bonn_static_close_far,sparse,222,1110,7.123505995322548,8.072024105058517
sparse_k10,rgbd_bonn_static_close_far,dense_fallback,8,40,7.734760376479244,7.780629314947873
da2_196,rgbd_dataset_freiburg3_walking_static,single_frame,256,1280,9.3604969213402,9.413715996197425
da2_196,rgbd_bonn_crowd2,single_frame,256,1280,9.100742429313868,9.193335846066475
da2_196,rgbd_bonn_person_tracking2,single_frame,256,1280,9.10643263628117,9.237776698137168
da2_196,rgbd_bonn_static_close_far,single_frame,256,1280,9.241934733358903,9.316118081915192
dense_carry,rgbd_dataset_freiburg3_walking_static,dense,256,1280,7.640073510719958,7.701535166415852
dense_carry,rgbd_bonn_crowd2,dense,256,1280,7.359540280208421,7.462817226769403
dense_carry,rgbd_bonn_person_tracking2,dense,256,1280,7.328343863878217,7.509626299724914
dense_carry,rgbd_bonn_static_close_far,dense,256,1280,7.517839239881141,7.5958783039823174
