scope,model,gauge,sequence,absrel,rmse,delta1,tce,failed,catastrophic,n
L8_existing_487,sparse_k30,none,rgbd_bonn_crowd2,0.16666702120530003,0.4070793186853101,0.835651770990743,0.031021966149138887,0,0,111
L8_existing_487,sparse_k30,none,rgbd_bonn_person_tracking2,0.10525504175418256,0.40393311018945743,0.8907425293922748,0.02004293768456885,0,0,70
L8_existing_487,sparse_k30,none,rgbd_bonn_static_close_far,0.3082974967468349,1.1603766047984154,0.3906793489259262,0.014577500932399071,0,16,217
L8_existing_487,sparse_k30,none,rgbd_dataset_freiburg3_walking_static,0.1504834324122175,0.806008307971688,0.8578291474824782,0.03406452189666367,0,0,89
L8_existing_487,sparse_k30,median,rgbd_bonn_crowd2,0.1590705129691517,0.4058351290022333,0.8388327019840233,0.030392662413816433,0,0,111
L8_existing_487,sparse_k30,median,rgbd_bonn_person_tracking2,0.08951317670903032,0.3692779892098925,0.9275075923218975,0.020422694569385395,0,0,70
L8_existing_487,sparse_k30,median,rgbd_bonn_static_close_far,0.10616998826801699,0.4116061148908647,0.9036189379457873,0.014669646064706023,0,0,217
L8_existing_487,sparse_k30,median,rgbd_dataset_freiburg3_walking_static,0.1285006422536187,0.7860726844359669,0.8466830918522069,0.03349351746857274,0,0,89
L8_existing_487,sparse_k30,scaleshift,rgbd_bonn_crowd2,0.12334716283173061,0.42186779396789026,0.8542331228086519,0.03129103297915335,0,0,111
L8_existing_487,sparse_k30,scaleshift,rgbd_bonn_person_tracking2,0.08290084443534684,0.34178244125453217,0.935976555126585,0.018619960202124367,0,0,70
L8_existing_487,sparse_k30,scaleshift,rgbd_bonn_static_close_far,0.09865540720574693,3.041330033308286,0.917685580873639,0.016963425958153044,1,1,217
L8_existing_487,sparse_k30,scaleshift,rgbd_dataset_freiburg3_walking_static,0.12776158108074165,0.8398718252219383,0.8284823044573677,0.028759345387137803,0,0,89
L8_existing_487,dpt_common,median,rgbd_bonn_crowd2,0.3583035148685578,50.7801190991782,0.5130433378576373,0.13574810083722452,3,2,111
L8_existing_487,dpt_common,median,rgbd_bonn_person_tracking2,0.26413966790321747,1.3865110031727308,0.5795872202146046,0.0796884778311802,0,0,70
L8_existing_487,dpt_common,median,rgbd_bonn_static_close_far,2.9305679252342225,651.988966042465,0.5637295870254811,1.3961849161437532,128,79,217
L8_existing_487,dpt_common,median,rgbd_dataset_freiburg3_walking_static,0.2391692061754799,50.43457133227085,0.7932165777517798,0.10292814542368467,3,1,89
L8_existing_487,dpt_common,scaleshift,rgbd_bonn_crowd2,0.09022285630765145,0.35495352180780804,0.930149895789823,0.04185771419916716,0,0,111
L8_existing_487,dpt_common,scaleshift,rgbd_bonn_person_tracking2,0.06292954783510486,0.23053910170949674,0.9807880248819189,0.02607581150736645,0,0,70
L8_existing_487,dpt_common,scaleshift,rgbd_bonn_static_close_far,0.05892238308784235,0.26260154406028835,0.9746058763491211,0.023110984994171174,0,0,217
L8_existing_487,dpt_common,scaleshift,rgbd_dataset_freiburg3_walking_static,0.12403835569464583,1.1756225301594967,0.8674781792898018,0.05423158224384427,0,0,89
L8_existing_487,dpt_official,median,rgbd_bonn_crowd2,0.44732446399815917,90.81172935370346,0.4629982046307258,0.1944179249161385,7,3,111
L8_existing_487,dpt_official,median,rgbd_bonn_person_tracking2,0.33445110113338805,71.66625109971301,0.5450667344018771,0.10684741573349006,1,1,70
L8_existing_487,dpt_official,median,rgbd_bonn_static_close_far,1.6144307342994,435.1383362489764,0.5535992047777847,0.8444650858195003,82,53,217
L8_existing_487,dpt_official,median,rgbd_dataset_freiburg3_walking_static,0.2812099616417974,155.73141104026936,0.795083207132311,0.21619848087744506,14,2,89
L8_existing_487,dpt_official,scaleshift,rgbd_bonn_crowd2,0.08152038801086316,0.3405608707536378,0.9443844834555427,0.03517413670023147,0,0,111
L8_existing_487,dpt_official,scaleshift,rgbd_bonn_person_tracking2,0.053064633686919056,0.19426892005553717,0.990718356704654,0.021681207333739114,0,0,70
L8_existing_487,dpt_official,scaleshift,rgbd_bonn_static_close_far,0.05233608541472576,0.23746929705200587,0.9810754055179975,0.021064354006194663,0,0,217
L8_existing_487,dpt_official,scaleshift,rgbd_dataset_freiburg3_walking_static,0.11155735984707034,1.159688353005065,0.8850861731220362,0.040071319381731946,0,0,89
L8_existing_487,da2_common,median,rgbd_bonn_crowd2,0.3222755889920588,10.550287566252173,0.5432923873094345,0.12903775003574455,21,2,111
L8_existing_487,da2_common,median,rgbd_bonn_person_tracking2,0.2244791147056094,1.4042115021382557,0.657685004580205,0.06190824825384984,0,0,70
L8_existing_487,da2_common,median,rgbd_bonn_static_close_far,0.6430016060078643,19.983767566892098,0.42087353054261,0.16183543889484675,17,7,217
L8_existing_487,da2_common,median,rgbd_dataset_freiburg3_walking_static,0.6549350250724895,99.1518029397235,0.8294578926666332,0.5161174404748292,75,15,89
L8_existing_487,da2_common,scaleshift,rgbd_bonn_crowd2,0.09083973879050354,0.3247890516211748,0.9319912716890016,0.040843480729279576,0,0,111
L8_existing_487,da2_common,scaleshift,rgbd_bonn_person_tracking2,0.04987560402683124,0.18724026602899257,0.9879720387488568,0.02494087981300468,0,0,70
L8_existing_487,da2_common,scaleshift,rgbd_bonn_static_close_far,0.06447183994086632,0.249883384640292,0.9836891407329889,0.020264338634612192,0,0,217
L8_existing_487,da2_common,scaleshift,rgbd_dataset_freiburg3_walking_static,0.17721285293255817,13.281042806466477,0.8744892377499726,0.08530118109649393,7,3,89
L8_existing_487,da2_official,median,rgbd_bonn_crowd2,0.39774860310421756,8.172003886734064,0.42341705032335647,0.10148365899493123,14,2,111
L8_existing_487,da2_official,median,rgbd_bonn_person_tracking2,0.38132824530722437,42.653808986694614,0.5588350463076079,0.12975263162013384,7,2,70
L8_existing_487,da2_official,median,rgbd_bonn_static_close_far,0.756273462881166,34.63225002895556,0.44748756652852484,0.25251135280571707,20,13,217
L8_existing_487,da2_official,median,rgbd_dataset_freiburg3_walking_static,0.5429559398979588,107.13904733962083,0.8837034028938541,0.5240718063707706,84,9,89
L8_existing_487,da2_official,scaleshift,rgbd_bonn_crowd2,0.08958919929797353,0.3289151121980666,0.9338756088120653,0.03354751931542339,0,0,111
L8_existing_487,da2_official,scaleshift,rgbd_bonn_person_tracking2,0.04437410736020388,0.17379412946659986,0.991383468100974,0.018659103088405935,0,0,70
L8_existing_487,da2_official,scaleshift,rgbd_bonn_static_close_far,0.04500607009494425,0.19104792311381427,0.9896370695698968,0.019456857170965652,0,0,217
L8_existing_487,da2_official,scaleshift,rgbd_dataset_freiburg3_walking_static,0.3549021005889286,25.7688400361225,0.8806499732407691,0.17023563213315646,18,7,89
L8_existing_487,zoe_common,none,rgbd_bonn_crowd2,0.42048651992122293,1.1462497188569556,0.12414983511164325,0.022378319512481887,0,0,111
L8_existing_487,zoe_common,none,rgbd_bonn_person_tracking2,0.3192943158782452,1.1596155102661563,0.28272667206185037,0.01517701275312614,0,0,70
L8_existing_487,zoe_common,none,rgbd_bonn_static_close_far,0.4705243646136853,1.779429692938274,0.16026877593510483,0.013322213892424542,0,19,217
L8_existing_487,zoe_common,none,rgbd_dataset_freiburg3_walking_static,0.37977440844680277,2.1298252773890556,0.21301675994162583,0.016360999448986748,0,0,89
L8_existing_487,zoe_common,median,rgbd_bonn_crowd2,0.40168349875838616,0.8370818747917617,0.6441686545410416,0.03035971110788826,0,5,111
L8_existing_487,zoe_common,median,rgbd_bonn_person_tracking2,0.17176585877759734,0.5970646153300994,0.7564092909170379,0.01927682021426727,0,0,70
L8_existing_487,zoe_common,median,rgbd_bonn_static_close_far,0.2361314224985758,0.8897965074473362,0.5096786404707826,0.01704400880879347,0,0,217
L8_existing_487,zoe_common,median,rgbd_dataset_freiburg3_walking_static,0.2618412598984269,1.6324813947962467,0.6119654900018773,0.0174126128454063,0,0,89
L8_existing_487,zoe_common,scaleshift,rgbd_bonn_crowd2,0.6731838508912644,36.166744782418576,0.5228121034274897,0.38593216425245414,16,11,111
L8_existing_487,zoe_common,scaleshift,rgbd_bonn_person_tracking2,0.16317644171946225,0.5929968075216111,0.739837284581894,0.017397362596971364,0,0,70
L8_existing_487,zoe_common,scaleshift,rgbd_bonn_static_close_far,0.229174853458731,7.965880123018719,0.6206386342286481,0.07582591508021382,13,0,217
L8_existing_487,zoe_common,scaleshift,rgbd_dataset_freiburg3_walking_static,0.2310836739024166,1.773135255052429,0.6206651562463791,0.028605024247783373,1,0,89
L8_existing_487,zoe_official,none,rgbd_bonn_crowd2,0.11281266434870785,0.3109151848948128,0.9197479932530768,0.02608892795210695,0,0,111
L8_existing_487,zoe_official,none,rgbd_bonn_person_tracking2,0.11560280573175288,0.35691357700087684,0.8805222673537128,0.022275676448117513,0,0,70
L8_existing_487,zoe_official,none,rgbd_bonn_static_close_far,0.18530518264240062,0.4882727321227147,0.7603974986249589,0.020622643135026406,0,16,217
L8_existing_487,zoe_official,none,rgbd_dataset_freiburg3_walking_static,0.1277776216250202,1.2690161121019154,0.834165775340354,0.03292312749710445,0,0,89
L8_existing_487,zoe_official,median,rgbd_bonn_crowd2,0.0681028786313032,0.2064632401806687,0.9542401099929914,0.024612421174817017,0,0,111
L8_existing_487,zoe_official,median,rgbd_bonn_person_tracking2,0.06573745438132035,0.21472122707277996,0.977512328322208,0.020779911665293974,0,0,70
L8_existing_487,zoe_official,median,rgbd_bonn_static_close_far,0.0772413021469751,0.30113187523420015,0.9369801209655398,0.01967222594484949,0,0,217
L8_existing_487,zoe_official,median,rgbd_dataset_freiburg3_walking_static,0.11898276122484022,1.260732839270102,0.8415181014803975,0.03286125729049606,0,0,89
L8_existing_487,zoe_official,scaleshift,rgbd_bonn_crowd2,0.05691882117933678,0.24236988338059098,0.9643725424187978,0.02507205657848432,0,0,111
L8_existing_487,zoe_official,scaleshift,rgbd_bonn_person_tracking2,0.05083299700589276,0.17209676911445013,0.9922963428874878,0.017179632202003164,0,0,70
L8_existing_487,zoe_official,scaleshift,rgbd_bonn_static_close_far,0.06636915949683901,0.2597017196101575,0.9736019899287915,0.017359479449598484,0,0,217
L8_existing_487,zoe_official,scaleshift,rgbd_dataset_freiburg3_walking_static,0.11763807494095238,1.2811479892217776,0.8824368148536517,0.029207730297310035,0,0,89
L256_existing_13,sparse_k30,none,rgbd_bonn_crowd2,0.1973858280079338,0.48738888800678665,0.7832716743119952,0.0378028889253595,0,0,3
L256_existing_13,sparse_k30,none,rgbd_bonn_person_tracking2,0.12091410680193324,0.4731550319206678,0.8365882719731678,0.02334644524469779,0,0,2
L256_existing_13,sparse_k30,none,rgbd_bonn_static_close_far,0.34555619549875394,1.2336008212595262,0.3112083055949143,0.016295219384711686,0,0,6
L256_existing_13,sparse_k30,none,rgbd_dataset_freiburg3_walking_static,0.18240383752706202,0.8959013470316474,0.8188557268726154,0.04034977109755476,0,0,2
L256_existing_13,sparse_k30,median,rgbd_bonn_crowd2,0.20403015928801532,0.4912831296610549,0.7807092190784971,0.038731943417303995,0,0,3
L256_existing_13,sparse_k30,median,rgbd_bonn_person_tracking2,0.121608379092379,0.44789995331970595,0.8586942165174085,0.02438835611499442,0,0,2
L256_existing_13,sparse_k30,median,rgbd_bonn_static_close_far,0.2310427294715364,0.591196744109812,0.7340530723889273,0.018171984371582878,0,0,6
L256_existing_13,sparse_k30,median,rgbd_dataset_freiburg3_walking_static,0.17992917046491955,0.9314426970742528,0.8120705937727958,0.042571254152936354,0,0,2
L256_existing_13,sparse_k30,scaleshift,rgbd_bonn_crowd2,0.17303610906460198,0.518558806184266,0.7703578219447456,0.04143658304102406,0,0,3
L256_existing_13,sparse_k30,scaleshift,rgbd_bonn_person_tracking2,0.11582418962133087,0.46560576364083467,0.8714461611729362,0.021565490957198036,0,0,2
L256_existing_13,sparse_k30,scaleshift,rgbd_bonn_static_close_far,0.30362370853744064,15.71219917450511,0.6614354033467895,0.06337941712740892,2,0,6
L256_existing_13,sparse_k30,scaleshift,rgbd_dataset_freiburg3_walking_static,0.18996622979365738,0.9392140110805159,0.774753240496947,0.038305532339379195,0,0,2
L256_existing_13,dense_carry,none,rgbd_bonn_crowd2,0.1684993897338267,0.3928607753471117,0.8344894395216792,0.03227147533583046,0,0,3
L256_existing_13,dense_carry,none,rgbd_bonn_person_tracking2,0.1034399883090386,0.3935821472562628,0.8922208726284394,0.019781040046130398,0,0,2
L256_existing_13,dense_carry,none,rgbd_bonn_static_close_far,0.3360293623525332,1.218890902427985,0.3424702535343442,0.014933324918546159,0,0,6
L256_existing_13,dense_carry,none,rgbd_dataset_freiburg3_walking_static,0.17941212230748088,0.8921511543755931,0.8364958426497237,0.034601769445563216,0,0,2
L256_existing_13,dense_carry,median,rgbd_bonn_crowd2,0.16907697000257343,0.3940431639419321,0.8317411417319999,0.03259922037221082,0,0,3
L256_existing_13,dense_carry,median,rgbd_bonn_person_tracking2,0.10636691082862992,0.38249216427699934,0.9043977590510215,0.020374208108215178,0,0,2
L256_existing_13,dense_carry,median,rgbd_bonn_static_close_far,0.2243592693323795,0.5567930908476569,0.7548483888105499,0.01695765360108125,0,0,6
L256_existing_13,dense_carry,median,rgbd_dataset_freiburg3_walking_static,0.16880813398294478,0.9198441734812517,0.8320433501310125,0.03606795478290741,0,0,2
L256_existing_13,dense_carry,scaleshift,rgbd_bonn_crowd2,0.15404310510042624,0.41163677177590824,0.8145298603330577,0.03495311764046556,0,0,3
L256_existing_13,dense_carry,scaleshift,rgbd_bonn_person_tracking2,0.10110769478765663,0.3974505477320167,0.9148579241793736,0.01927146753824563,0,0,2
L256_existing_13,dense_carry,scaleshift,rgbd_bonn_static_close_far,0.21733405916914222,0.8831743155395175,0.6702630529507314,0.022733170291069884,0,0,6
L256_existing_13,dense_carry,scaleshift,rgbd_dataset_freiburg3_walking_static,0.18864705005056712,0.9527529323160727,0.789618567254937,0.0331922220398556,0,0,2
L256_existing_13,dense_reset,none,rgbd_bonn_crowd2,0.17549774166386425,0.4044381098090112,0.8334392573106439,0.035239765676433915,0,0,3
L256_existing_13,dense_reset,none,rgbd_bonn_person_tracking2,0.10076471651912507,0.39027313035447053,0.9036057948768741,0.022621694932601563,0,0,2
L256_existing_13,dense_reset,none,rgbd_bonn_static_close_far,0.32327514243905814,1.2025186663217768,0.3660074055869426,0.016789136029405034,0,0,6
L256_existing_13,dense_reset,none,rgbd_dataset_freiburg3_walking_static,0.18336052334205635,0.8816806268967944,0.8434930111589126,0.04016251118666177,0,0,2
L256_existing_13,dense_reset,median,rgbd_bonn_crowd2,0.17322773080343362,0.4026714303003252,0.8356159313237618,0.03492403115033042,0,0,3
L256_existing_13,dense_reset,median,rgbd_bonn_person_tracking2,0.10016411993547947,0.3721489380874209,0.9092698350718089,0.023426293216461235,0,0,2
L256_existing_13,dense_reset,median,rgbd_bonn_static_close_far,0.21344483967494512,0.5358336745833124,0.7687967181701847,0.01888372043141492,0,0,6
L256_existing_13,dense_reset,median,rgbd_dataset_freiburg3_walking_static,0.17447919717962357,0.9230391837462208,0.838064117967848,0.04216364131003214,0,0,2
L256_existing_13,dense_reset,scaleshift,rgbd_bonn_crowd2,0.16018102926722158,0.4178485767686608,0.8196195748573927,0.03742657510297114,0,0,3
L256_existing_13,dense_reset,scaleshift,rgbd_bonn_person_tracking2,0.09694600434770582,0.3952534395597318,0.9185027990485807,0.021640422655224298,0,0,2
L256_existing_13,dense_reset,scaleshift,rgbd_bonn_static_close_far,0.21067540336546334,0.9659255913182634,0.6950536354049164,0.027132935438314482,0,0,6
L256_existing_13,dense_reset,scaleshift,rgbd_dataset_freiburg3_walking_static,0.19126569991018103,0.9276036893477111,0.7937205129758808,0.03714860231504726,0,0,2
L256_existing_13,sparse_k5,none,rgbd_bonn_crowd2,0.17018712162283792,0.4036350229705691,0.8241977735374695,0.03859089493729013,0,0,3
L256_existing_13,sparse_k5,none,rgbd_bonn_person_tracking2,0.10829394699954986,0.41645027835345527,0.8683355026086689,0.026055776190285942,0,0,2
L256_existing_13,sparse_k5,none,rgbd_bonn_static_close_far,0.33461999600329556,1.2177856607512052,0.3291965793882953,0.018673917479840735,0,0,6
L256_existing_13,sparse_k5,none,rgbd_dataset_freiburg3_walking_static,0.17243736774463958,0.8478666839796004,0.8371329113436726,0.04505615700972889,0,0,2
L256_existing_13,sparse_k5,median,rgbd_bonn_crowd2,0.17307609790562642,0.40505420537192754,0.8207397500072974,0.03938077761415604,0,0,3
L256_existing_13,sparse_k5,median,rgbd_bonn_person_tracking2,0.1094201040552569,0.395101245956604,0.893404478827525,0.02706888559276174,0,0,2
L256_existing_13,sparse_k5,median,rgbd_bonn_static_close_far,0.22058049671329227,0.550411871350561,0.758847187729961,0.021608157889396018,0,0,6
L256_existing_13,sparse_k5,median,rgbd_dataset_freiburg3_walking_static,0.1646521175587581,0.8763084087044406,0.8306435900277157,0.04755244296041989,0,0,2
L256_existing_13,sparse_k5,scaleshift,rgbd_bonn_crowd2,0.1504187569152104,0.4205368929419645,0.8109907620180902,0.042605661743065106,0,0,3
L256_existing_13,sparse_k5,scaleshift,rgbd_bonn_person_tracking2,0.10425550703682776,0.4124621372684991,0.9031809222269286,0.025241243505352486,0,0,2
L256_existing_13,sparse_k5,scaleshift,rgbd_bonn_static_close_far,0.2434648454037735,9.45051264362946,0.6744847644128472,0.05265135258111476,2,0,6
L256_existing_13,sparse_k5,scaleshift,rgbd_dataset_freiburg3_walking_static,0.1807562215465805,0.9069917722004622,0.8036937095576039,0.04383643202463079,0,0,2
L256_existing_13,sparse_k10,none,rgbd_bonn_crowd2,0.17667127590190324,0.43190350183989024,0.8100846438040945,0.03784019263594297,0,0,3
L256_existing_13,sparse_k10,none,rgbd_bonn_person_tracking2,0.11216650104255418,0.4352250148209107,0.856303360497156,0.02430158734865563,0,0,2
L256_existing_13,sparse_k10,none,rgbd_bonn_static_close_far,0.33744747259672153,1.2228427108459432,0.32097374739541074,0.017606285091163076,0,0,6
L256_existing_13,sparse_k10,none,rgbd_dataset_freiburg3_walking_static,0.1759179999189855,0.8642312843750739,0.8337156136062875,0.04141109202512917,0,0,2
L256_existing_13,sparse_k10,median,rgbd_bonn_crowd2,0.1816655923555831,0.43434346101848054,0.8060662113254382,0.03872841531628746,0,0,3
L256_existing_13,sparse_k10,median,rgbd_bonn_person_tracking2,0.1125718069758013,0.41167489099592214,0.8820683336953291,0.025288744033983165,0,0,2
L256_existing_13,sparse_k10,median,rgbd_bonn_static_close_far,0.22335789305845521,0.5618959809533001,0.7531660911804281,0.020078983648777953,0,0,6
L256_existing_13,sparse_k10,median,rgbd_dataset_freiburg3_walking_static,0.17003265730290623,0.8955761607915884,0.8267663173110947,0.04367290698948749,0,0,2
L256_existing_13,sparse_k10,scaleshift,rgbd_bonn_crowd2,0.15493609686792237,0.45773023065611274,0.7998404967752161,0.042004419856157174,0,0,3
L256_existing_13,sparse_k10,scaleshift,rgbd_bonn_person_tracking2,0.10742118155665333,0.42881674538163406,0.8915519848432075,0.023173137670146754,0,0,2
L256_existing_13,sparse_k10,scaleshift,rgbd_bonn_static_close_far,0.24296958513738728,8.49067137754114,0.6729734711236591,0.04567626040727156,3,0,6
L256_existing_13,sparse_k10,scaleshift,rgbd_dataset_freiburg3_walking_static,0.182241484185933,0.907512399907176,0.8000416956940785,0.03995711970070835,0,0,2
L256_existing_13,sparse_k60,none,rgbd_bonn_crowd2,0.2122977482775099,0.5449921092634297,0.761657752836138,0.03758153764035071,0,0,3
L256_existing_13,sparse_k60,none,rgbd_bonn_person_tracking2,0.13113703409352004,0.5117267714210373,0.8120565565804508,0.02308983507629973,0,0,2
L256_existing_13,sparse_k60,none,rgbd_bonn_static_close_far,0.3593935101978924,1.256709991729933,0.3070002209820724,0.01593967020302405,0,0,6
L256_existing_13,sparse_k60,none,rgbd_dataset_freiburg3_walking_static,0.18183159927676132,0.8984251970119376,0.8103132985328003,0.0396438441306014,0,0,2
L256_existing_13,sparse_k60,median,rgbd_bonn_crowd2,0.22300654602422487,0.5487505797936368,0.7616360545818147,0.03873802023709443,0,0,3
L256_existing_13,sparse_k60,median,rgbd_bonn_person_tracking2,0.13275941571622005,0.483602579205878,0.8289655682142141,0.02431233552848771,0,0,2
L256_existing_13,sparse_k60,median,rgbd_bonn_static_close_far,0.24611325983532356,0.6387964540404422,0.7135161740228395,0.017751758343876253,0,0,6
L256_existing_13,sparse_k60,median,rgbd_dataset_freiburg3_walking_static,0.18440548401319132,0.9298719372219473,0.8035911860223848,0.04210540551481839,0,0,2
L256_existing_13,sparse_k60,scaleshift,rgbd_bonn_crowd2,0.18488808233244133,0.5798850284622789,0.7505472049290632,0.04138650594823882,0,0,3
L256_existing_13,sparse_k60,scaleshift,rgbd_bonn_person_tracking2,0.12575920723129494,0.5073095746003728,0.8436210187784124,0.020403422240619244,0,0,2
L256_existing_13,sparse_k60,scaleshift,rgbd_bonn_static_close_far,0.27332808085586907,11.367098943880944,0.6318642572008246,0.04631027023886484,2,0,6
L256_existing_13,sparse_k60,scaleshift,rgbd_dataset_freiburg3_walking_static,0.18949355968074924,0.9540592943690506,0.7667480354816798,0.03829863431112022,0,0,2
L256_existing_13,delta_sp,none,rgbd_bonn_crowd2,0.1969806480162598,0.4858812929118802,0.7837828355371838,0.0376997559065584,0,0,3
L256_existing_13,delta_sp,none,rgbd_bonn_person_tracking2,0.12100922379802465,0.4731840975617678,0.836234103469802,0.02333276431122455,0,0,2
L256_existing_13,delta_sp,none,rgbd_bonn_static_close_far,0.3457051760754215,1.2341172346938287,0.31073199674298113,0.016322806448091035,0,0,6
L256_existing_13,delta_sp,none,rgbd_dataset_freiburg3_walking_static,0.18223579831436243,0.8943674063220223,0.8188850193112494,0.040370628202140164,0,0,2
L256_existing_13,delta_sp,median,rgbd_bonn_crowd2,0.20362451385881244,0.48982242616523214,0.7812113596811017,0.038626619139716684,0,0,3
L256_existing_13,delta_sp,median,rgbd_bonn_person_tracking2,0.12156676388837696,0.4476786059511136,0.8585858445181161,0.024377594284679945,0,0,2
L256_existing_13,delta_sp,median,rgbd_bonn_static_close_far,0.2312005911579564,0.5912909278431279,0.7337630476135488,0.018215707545913947,0,0,6
L256_existing_13,delta_sp,median,rgbd_dataset_freiburg3_walking_static,0.17967268377992307,0.9298955406090015,0.8123831440930207,0.0425976040819772,0,0,2
L256_existing_13,delta_sp,scaleshift,rgbd_bonn_crowd2,0.17257842328693002,0.5145950727651512,0.7706959955550273,0.04130020914954817,0,0,3
L256_existing_13,delta_sp,scaleshift,rgbd_bonn_person_tracking2,0.1158106714613773,0.46538593023017766,0.8715001528414419,0.0215713186631445,0,0,2
L256_existing_13,delta_sp,scaleshift,rgbd_bonn_static_close_far,0.2994808435393177,15.152995486472138,0.6609232735457004,0.06545609637779978,2,0,6
L256_existing_13,delta_sp,scaleshift,rgbd_dataset_freiburg3_walking_static,0.18977032614870717,0.9378240585490979,0.7752323392539768,0.03836130397566997,0,0,2
L256_existing_13,drop_sp,none,rgbd_bonn_crowd2,0.19912980580594308,0.4885119530323786,0.7829617815725171,0.03911928037573497,0,0,3
L256_existing_13,drop_sp,none,rgbd_bonn_person_tracking2,0.11925474963120808,0.4667479638787054,0.8456815766370439,0.024508025694021607,0,0,2
L256_existing_13,drop_sp,none,rgbd_bonn_static_close_far,0.3440750137612251,1.2205675600652397,0.3199409331600772,0.017130060487738102,0,0,6
L256_existing_13,drop_sp,none,rgbd_dataset_freiburg3_walking_static,0.18341114172217443,0.8937237122760977,0.8175308717195398,0.04159622594215641,0,0,2
L256_existing_13,drop_sp,median,rgbd_bonn_crowd2,0.205931443888946,0.4941718731724379,0.7806469612680841,0.039964138509688746,0,0,3
L256_existing_13,drop_sp,median,rgbd_bonn_person_tracking2,0.1202671703384348,0.4451316485954329,0.8618409882852655,0.025452026904269176,0,0,2
L256_existing_13,drop_sp,median,rgbd_bonn_static_close_far,0.23345850803563947,0.6051619384522744,0.7300132162773522,0.019229527425643832,0,0,6
L256_existing_13,drop_sp,median,rgbd_dataset_freiburg3_walking_static,0.18144252246060502,0.9284104653159155,0.8112347131132037,0.04394294728130168,0,0,2
L256_existing_13,drop_sp,scaleshift,rgbd_bonn_crowd2,0.1759567683448933,0.5360877400583838,0.7654462813392109,0.042788541760172966,0,0,3
L256_existing_13,drop_sp,scaleshift,rgbd_bonn_person_tracking2,0.11519411543282694,0.4617526698013118,0.8733434484851142,0.02268057051321748,0,0,2
L256_existing_13,drop_sp,scaleshift,rgbd_bonn_static_close_far,0.38722241477156516,21.93822800431775,0.657816831374478,0.09978126811294953,3,1,6
L256_existing_13,drop_sp,scaleshift,rgbd_dataset_freiburg3_walking_static,0.1917293364442461,0.9416633052391513,0.773892503110857,0.039659752708273675,0,0,2
L256_existing_13,delta_no_sp,none,rgbd_bonn_crowd2,0.16283845592030663,0.38385500740202727,0.8381368074713451,0.030904958840720177,0,0,3
L256_existing_13,delta_no_sp,none,rgbd_bonn_person_tracking2,0.10344953887487582,0.40175254219082496,0.8850678672358151,0.018460697136268238,0,0,2
L256_existing_13,delta_no_sp,none,rgbd_bonn_static_close_far,0.33842905681838453,1.2313692862991965,0.3194283365132259,0.014618752586910382,0,0,6
L256_existing_13,delta_no_sp,none,rgbd_dataset_freiburg3_walking_static,0.19025607324314833,0.9267019071464629,0.8365260975541985,0.03566392702851826,0,0,2
L256_existing_13,delta_no_sp,median,rgbd_bonn_crowd2,0.16305270955898088,0.383302549274887,0.8347446987607415,0.031261751133822395,0,0,3
L256_existing_13,delta_no_sp,median,rgbd_bonn_person_tracking2,0.10531291540305542,0.3833768847863707,0.9060021245575809,0.01914457265388193,0,0,2
L256_existing_13,delta_no_sp,median,rgbd_bonn_static_close_far,0.21995744215105972,0.5399101863861133,0.7629741799721704,0.016520432686963824,0,0,6
L256_existing_13,delta_no_sp,median,rgbd_dataset_freiburg3_walking_static,0.18200233757844933,0.9732339228165752,0.8321513973832312,0.03735755733317744,0,0,2
L256_existing_13,delta_no_sp,scaleshift,rgbd_bonn_crowd2,0.14586012046365468,0.3972596327954296,0.8260904863305762,0.033437219924287304,0,0,3
L256_existing_13,delta_no_sp,scaleshift,rgbd_bonn_person_tracking2,0.09911956981304114,0.39497283647800335,0.9151983923373418,0.018027478076653246,0,0,2
L256_existing_13,delta_no_sp,scaleshift,rgbd_bonn_static_close_far,0.22146191570688437,1.0064481817992739,0.6733384688049497,0.02287212559537842,0,0,6
L256_existing_13,delta_no_sp,scaleshift,rgbd_dataset_freiburg3_walking_static,0.19744461553088444,0.9624088100306304,0.7877837307452431,0.03262882558180342,0,0,2
L256_existing_13,drop_no_sp,none,rgbd_bonn_crowd2,1.2493530806212936,4.578076861013696,0.3958285981529178,0.6807228536108701,0,2,3
L256_existing_13,drop_no_sp,none,rgbd_bonn_person_tracking2,0.8066261671933148,3.2685763365686227,0.4390631956447541,0.45901310355586916,0,0,2
L256_existing_13,drop_no_sp,none,rgbd_bonn_static_close_far,3.019849827578719,11.605858055746607,0.19459867528351227,0.7573001577894373,0,4,6
L256_existing_13,drop_no_sp,none,rgbd_dataset_freiburg3_walking_static,1.0757155556909517,4.765674306405189,0.3045367040951499,0.442303080909474,0,2,2
L256_existing_13,drop_no_sp,median,rgbd_bonn_crowd2,1.1613393315080351,4.248426656880112,0.38507251416963606,0.6383297032835659,0,2,3
L256_existing_13,drop_no_sp,median,rgbd_bonn_person_tracking2,0.6239050168980643,2.5414682388844345,0.3375044137460262,0.36769539166098497,0,0,2
L256_existing_13,drop_no_sp,median,rgbd_bonn_static_close_far,1.278719562697247,4.730351343506224,0.22796838136928083,0.38865641530497913,0,4,6
L256_existing_13,drop_no_sp,median,rgbd_dataset_freiburg3_walking_static,0.6989472130169572,3.163237275770887,0.2376793910788288,0.31690897715433397,0,0,2
L256_existing_13,drop_no_sp,scaleshift,rgbd_bonn_crowd2,0.444526296189771,1.0914387120257414,0.2492234230239578,0.10515853821254242,0,0,3
L256_existing_13,drop_no_sp,scaleshift,rgbd_bonn_person_tracking2,0.1983215198353471,0.7208043500591261,0.6251281370956965,0.035371600404060996,0,0,2
L256_existing_13,drop_no_sp,scaleshift,rgbd_bonn_static_close_far,0.377034334032786,1.2267193013255389,0.34119214339462833,0.027241266192692466,0,0,6
L256_existing_13,drop_no_sp,scaleshift,rgbd_dataset_freiburg3_walking_static,0.28030655332110976,1.6129016605905564,0.5372063349334258,0.0508653153407751,0,0,2
L256_existing_13,temporal_cache_only,none,rgbd_bonn_crowd2,0.1822348501580393,0.44463299107220605,0.8071161275721712,0.033103028256869095,0,0,3
L256_existing_13,temporal_cache_only,none,rgbd_bonn_person_tracking2,0.10684989658668365,0.4163002761265624,0.8780415333582035,0.017168286263501923,0,0,2
L256_existing_13,temporal_cache_only,none,rgbd_bonn_static_close_far,0.3495388156890155,1.234168225187446,0.3106193733572234,0.014245187714102549,0,0,6
L256_existing_13,temporal_cache_only,none,rgbd_dataset_freiburg3_walking_static,0.19662344386012073,0.9567174934840624,0.826671619041625,0.03564007628745015,0,0,2
L256_existing_13,temporal_cache_only,median,rgbd_bonn_crowd2,0.18126273401063064,0.44433499212075617,0.8073460537114465,0.03328476469263428,0,0,3
L256_existing_13,temporal_cache_only,median,rgbd_bonn_person_tracking2,0.10989718295635575,0.40114001261451393,0.899051385493582,0.017589601577448065,0,0,2
L256_existing_13,temporal_cache_only,median,rgbd_bonn_static_close_far,0.2300641513580581,0.5701607937299794,0.7462493674555359,0.01544594480597041,0,0,6
L256_existing_13,temporal_cache_only,median,rgbd_dataset_freiburg3_walking_static,0.19043661928098612,1.0061644244992327,0.8209968367513982,0.03729084854973698,0,0,2
L256_existing_13,temporal_cache_only,scaleshift,rgbd_bonn_crowd2,0.16493439868585266,0.4637307122764432,0.8005403153454509,0.034987619794722875,0,0,3
L256_existing_13,temporal_cache_only,scaleshift,rgbd_bonn_person_tracking2,0.10413071810473762,0.4116161411623379,0.9083532074710996,0.016753183494102136,0,0,2
L256_existing_13,temporal_cache_only,scaleshift,rgbd_bonn_static_close_far,0.22242466837989808,0.9086145315147126,0.666736714560079,0.01935383471361604,0,0,6
L256_existing_13,temporal_cache_only,scaleshift,rgbd_dataset_freiburg3_walking_static,0.205214393032216,0.988105747136862,0.7772844001193123,0.03173162114140467,0,0,2
L256_existing_13,both_cache_replay,none,rgbd_bonn_crowd2,0.1973858280079338,0.48738888800678665,0.7832716743119952,0.0378028889253595,0,0,3
L256_existing_13,both_cache_replay,none,rgbd_bonn_person_tracking2,0.12091410680193324,0.4731550319206678,0.8365882719731678,0.02334644524469779,0,0,2
L256_existing_13,both_cache_replay,none,rgbd_bonn_static_close_far,0.34555619549875394,1.2336008212595262,0.3112083055949143,0.016295219384711686,0,0,6
L256_existing_13,both_cache_replay,none,rgbd_dataset_freiburg3_walking_static,0.18240383752706202,0.8959013470316474,0.8188557268726154,0.04034977109755476,0,0,2
L256_existing_13,both_cache_replay,median,rgbd_bonn_crowd2,0.20403015928801532,0.4912831296610549,0.7807092190784971,0.038731943417303995,0,0,3
L256_existing_13,both_cache_replay,median,rgbd_bonn_person_tracking2,0.121608379092379,0.44789995331970595,0.8586942165174085,0.02438835611499442,0,0,2
L256_existing_13,both_cache_replay,median,rgbd_bonn_static_close_far,0.2310427294715364,0.591196744109812,0.7340530723889273,0.018171984371582878,0,0,6
L256_existing_13,both_cache_replay,median,rgbd_dataset_freiburg3_walking_static,0.17992917046491955,0.9314426970742528,0.8120705937727958,0.042571254152936354,0,0,2
L256_existing_13,both_cache_replay,scaleshift,rgbd_bonn_crowd2,0.17303610906460198,0.518558806184266,0.7703578219447456,0.04143658304102406,0,0,3
L256_existing_13,both_cache_replay,scaleshift,rgbd_bonn_person_tracking2,0.11582418962133087,0.46560576364083467,0.8714461611729362,0.021565490957198036,0,0,2
L256_existing_13,both_cache_replay,scaleshift,rgbd_bonn_static_close_far,0.30362370853744064,15.71219917450511,0.6614354033467895,0.06337941712740892,2,0,6
L256_existing_13,both_cache_replay,scaleshift,rgbd_dataset_freiburg3_walking_static,0.18996622979365738,0.9392140110805159,0.774753240496947,0.038305532339379195,0,0,2
L256_existing_13,output_hold,none,rgbd_bonn_crowd2,0.1966170858969614,0.47516719917139133,0.8041694869041062,0.03957987919456627,0,0,3
L256_existing_13,output_hold,none,rgbd_bonn_person_tracking2,0.10783684776882264,0.4197176858835621,0.8803197744825982,0.020328586095969763,0,0,2
L256_existing_13,output_hold,none,rgbd_bonn_static_close_far,0.33518030239442165,1.2104054695080528,0.35027832461118247,0.015294585886712718,0,0,6
L256_existing_13,output_hold,none,rgbd_dataset_freiburg3_walking_static,0.19684677778153464,0.9640607294170396,0.8256337879408219,0.040444796825906786,0,0,2
L256_existing_13,output_hold,median,rgbd_bonn_crowd2,0.19328187692426557,0.4724332965814862,0.8062728655882686,0.0391904555997845,0,0,3
L256_existing_13,output_hold,median,rgbd_bonn_person_tracking2,0.10951339919690713,0.4038435138466098,0.8944439237089626,0.020930625921575567,0,0,2
L256_existing_13,output_hold,median,rgbd_bonn_static_close_far,0.2219839565173296,0.5621746994094876,0.7517271589843748,0.01647557346896097,0,0,6
L256_existing_13,output_hold,median,rgbd_dataset_freiburg3_walking_static,0.1916763432842816,1.014741089141464,0.8196213475258267,0.042429243690696894,0,0,2
L256_existing_13,output_hold,scaleshift,rgbd_bonn_crowd2,0.18047168414380893,0.49538133646003635,0.7908769013704853,0.04092429274710546,0,0,3
L256_existing_13,output_hold,scaleshift,rgbd_bonn_person_tracking2,0.10463829484918187,0.42342267339206274,0.9020019151981656,0.019298722301407154,0,0,2
L256_existing_13,output_hold,scaleshift,rgbd_bonn_static_close_far,0.21852635170206539,1.006690240988055,0.6856254328890417,0.021477974027315157,0,0,6
L256_existing_13,output_hold,scaleshift,rgbd_dataset_freiburg3_walking_static,0.2058007230378167,0.9930026417806821,0.7767671374993765,0.035696454195755865,0,0,2
L256_new_13,sparse_k5,none,rgbd_bonn_crowd2,0.17018712162283792,0.4036350229705691,0.8241977735374695,0.03859089493729013,0,0,3
L256_new_13,sparse_k5,none,rgbd_bonn_person_tracking2,0.10829394699954986,0.41645027835345527,0.8683355026086689,0.026055776190285942,0,0,2
L256_new_13,sparse_k5,none,rgbd_bonn_static_close_far,0.33461999600329556,1.2177856607512052,0.3291965793882953,0.018673917479840735,0,0,6
L256_new_13,sparse_k5,none,rgbd_dataset_freiburg3_walking_static,0.17243736774463958,0.8478666839796004,0.8371329113436726,0.04505615700972889,0,0,2
L256_new_13,sparse_k5,median,rgbd_bonn_crowd2,0.17307609790562642,0.40505420537192754,0.8207397500072974,0.03938077761415604,0,0,3
L256_new_13,sparse_k5,median,rgbd_bonn_person_tracking2,0.1094201040552569,0.395101245956604,0.893404478827525,0.02706888559276174,0,0,2
L256_new_13,sparse_k5,median,rgbd_bonn_static_close_far,0.22058049671329227,0.550411871350561,0.758847187729961,0.021608157889396018,0,0,6
L256_new_13,sparse_k5,median,rgbd_dataset_freiburg3_walking_static,0.1646521175587581,0.8763084087044406,0.8306435900277157,0.04755244296041989,0,0,2
L256_new_13,sparse_k5,scaleshift,rgbd_bonn_crowd2,0.1504187569152104,0.4205368929419645,0.8109907620180902,0.042605661743065106,0,0,3
L256_new_13,sparse_k5,scaleshift,rgbd_bonn_person_tracking2,0.10425550703682776,0.4124621372684991,0.9031809222269286,0.025241243505352486,0,0,2
L256_new_13,sparse_k5,scaleshift,rgbd_bonn_static_close_far,0.2434648454037735,9.45051264362946,0.6744847644128472,0.05265135258111476,2,0,6
L256_new_13,sparse_k5,scaleshift,rgbd_dataset_freiburg3_walking_static,0.1807562215465805,0.9069917722004622,0.8036937095576039,0.04383643202463079,0,0,2
L256_new_13,sparse_k10,none,rgbd_bonn_crowd2,0.17667127590190324,0.43190350183989024,0.8100846438040945,0.03784019263594297,0,0,3
L256_new_13,sparse_k10,none,rgbd_bonn_person_tracking2,0.11216650104255418,0.4352250148209107,0.856303360497156,0.02430158734865563,0,0,2
L256_new_13,sparse_k10,none,rgbd_bonn_static_close_far,0.33744747259672153,1.2228427108459432,0.32097374739541074,0.017606285091163076,0,0,6
L256_new_13,sparse_k10,none,rgbd_dataset_freiburg3_walking_static,0.1759179999189855,0.8642312843750739,0.8337156136062875,0.04141109202512917,0,0,2
L256_new_13,sparse_k10,median,rgbd_bonn_crowd2,0.1816655923555831,0.43434346101848054,0.8060662113254382,0.03872841531628746,0,0,3
L256_new_13,sparse_k10,median,rgbd_bonn_person_tracking2,0.1125718069758013,0.41167489099592214,0.8820683336953291,0.025288744033983165,0,0,2
L256_new_13,sparse_k10,median,rgbd_bonn_static_close_far,0.22335789305845521,0.5618959809533001,0.7531660911804281,0.020078983648777953,0,0,6
L256_new_13,sparse_k10,median,rgbd_dataset_freiburg3_walking_static,0.17003265730290623,0.8955761607915884,0.8267663173110947,0.04367290698948749,0,0,2
L256_new_13,sparse_k10,scaleshift,rgbd_bonn_crowd2,0.15493609686792237,0.45773023065611274,0.7998404967752161,0.042004419856157174,0,0,3
L256_new_13,sparse_k10,scaleshift,rgbd_bonn_person_tracking2,0.10742118155665333,0.42881674538163406,0.8915519848432075,0.023173137670146754,0,0,2
L256_new_13,sparse_k10,scaleshift,rgbd_bonn_static_close_far,0.24296958513738728,8.49067137754114,0.6729734711236591,0.04567626040727156,3,0,6
L256_new_13,sparse_k10,scaleshift,rgbd_dataset_freiburg3_walking_static,0.182241484185933,0.907512399907176,0.8000416956940785,0.03995711970070835,0,0,2
L256_new_13,sparse_k30,none,rgbd_bonn_crowd2,0.1973858280079338,0.48738888800678665,0.7832716743119952,0.0378028889253595,0,0,3
L256_new_13,sparse_k30,none,rgbd_bonn_person_tracking2,0.12091410680193324,0.4731550319206678,0.8365882719731678,0.02334644524469779,0,0,2
L256_new_13,sparse_k30,none,rgbd_bonn_static_close_far,0.34555619549875394,1.2336008212595262,0.3112083055949143,0.016295219384711686,0,0,6
L256_new_13,sparse_k30,none,rgbd_dataset_freiburg3_walking_static,0.18240383752706202,0.8959013470316474,0.8188557268726154,0.04034977109755476,0,0,2
L256_new_13,sparse_k30,median,rgbd_bonn_crowd2,0.20403015928801532,0.4912831296610549,0.7807092190784971,0.038731943417303995,0,0,3
L256_new_13,sparse_k30,median,rgbd_bonn_person_tracking2,0.121608379092379,0.44789995331970595,0.8586942165174085,0.02438835611499442,0,0,2
L256_new_13,sparse_k30,median,rgbd_bonn_static_close_far,0.2310427294715364,0.591196744109812,0.7340530723889273,0.018171984371582878,0,0,6
L256_new_13,sparse_k30,median,rgbd_dataset_freiburg3_walking_static,0.17992917046491955,0.9314426970742528,0.8120705937727958,0.042571254152936354,0,0,2
L256_new_13,sparse_k30,scaleshift,rgbd_bonn_crowd2,0.17303610906460198,0.518558806184266,0.7703578219447456,0.04143658304102406,0,0,3
L256_new_13,sparse_k30,scaleshift,rgbd_bonn_person_tracking2,0.11582418962133087,0.46560576364083467,0.8714461611729362,0.021565490957198036,0,0,2
L256_new_13,sparse_k30,scaleshift,rgbd_bonn_static_close_far,0.30362370853744064,15.71219917450511,0.6614354033467895,0.06337941712740892,2,0,6
L256_new_13,sparse_k30,scaleshift,rgbd_dataset_freiburg3_walking_static,0.18996622979365738,0.9392140110805159,0.774753240496947,0.038305532339379195,0,0,2
L256_new_13,sparse_k60,none,rgbd_bonn_crowd2,0.2122977482775099,0.5449921092634297,0.761657752836138,0.03758153764035071,0,0,3
L256_new_13,sparse_k60,none,rgbd_bonn_person_tracking2,0.13113703409352004,0.5117267714210373,0.8120565565804508,0.02308983507629973,0,0,2
L256_new_13,sparse_k60,none,rgbd_bonn_static_close_far,0.3593935101978924,1.256709991729933,0.3070002209820724,0.01593967020302405,0,0,6
L256_new_13,sparse_k60,none,rgbd_dataset_freiburg3_walking_static,0.18183159927676132,0.8984251970119376,0.8103132985328003,0.0396438441306014,0,0,2
L256_new_13,sparse_k60,median,rgbd_bonn_crowd2,0.22300654602422487,0.5487505797936368,0.7616360545818147,0.03873802023709443,0,0,3
L256_new_13,sparse_k60,median,rgbd_bonn_person_tracking2,0.13275941571622005,0.483602579205878,0.8289655682142141,0.02431233552848771,0,0,2
L256_new_13,sparse_k60,median,rgbd_bonn_static_close_far,0.24611325983532356,0.6387964540404422,0.7135161740228395,0.017751758343876253,0,0,6
L256_new_13,sparse_k60,median,rgbd_dataset_freiburg3_walking_static,0.18440548401319132,0.9298719372219473,0.8035911860223848,0.04210540551481839,0,0,2
L256_new_13,sparse_k60,scaleshift,rgbd_bonn_crowd2,0.18488808233244133,0.5798850284622789,0.7505472049290632,0.04138650594823882,0,0,3
L256_new_13,sparse_k60,scaleshift,rgbd_bonn_person_tracking2,0.12575920723129494,0.5073095746003728,0.8436210187784124,0.020403422240619244,0,0,2
L256_new_13,sparse_k60,scaleshift,rgbd_bonn_static_close_far,0.27332808085586907,11.367098943880944,0.6318642572008246,0.04631027023886484,2,0,6
L256_new_13,sparse_k60,scaleshift,rgbd_dataset_freiburg3_walking_static,0.18949355968074924,0.9540592943690506,0.7667480354816798,0.03829863431112022,0,0,2
L256_new_13,dense_carry,none,rgbd_bonn_crowd2,0.1684993897338267,0.3928607753471117,0.8344894395216792,0.03227147533583046,0,0,3
L256_new_13,dense_carry,none,rgbd_bonn_person_tracking2,0.1034399883090386,0.3935821472562628,0.8922208726284394,0.019781040046130398,0,0,2
L256_new_13,dense_carry,none,rgbd_bonn_static_close_far,0.3360293623525332,1.218890902427985,0.3424702535343442,0.014933324918546159,0,0,6
L256_new_13,dense_carry,none,rgbd_dataset_freiburg3_walking_static,0.17941212230748088,0.8921511543755931,0.8364958426497237,0.034601769445563216,0,0,2
L256_new_13,dense_carry,median,rgbd_bonn_crowd2,0.16907697000257343,0.3940431639419321,0.8317411417319999,0.03259922037221082,0,0,3
L256_new_13,dense_carry,median,rgbd_bonn_person_tracking2,0.10636691082862992,0.38249216427699934,0.9043977590510215,0.020374208108215178,0,0,2
L256_new_13,dense_carry,median,rgbd_bonn_static_close_far,0.2243592693323795,0.5567930908476569,0.7548483888105499,0.01695765360108125,0,0,6
L256_new_13,dense_carry,median,rgbd_dataset_freiburg3_walking_static,0.16880813398294478,0.9198441734812517,0.8320433501310125,0.03606795478290741,0,0,2
L256_new_13,dense_carry,scaleshift,rgbd_bonn_crowd2,0.15404310510042624,0.41163677177590824,0.8145298603330577,0.03495311764046556,0,0,3
L256_new_13,dense_carry,scaleshift,rgbd_bonn_person_tracking2,0.10110769478765663,0.3974505477320167,0.9148579241793736,0.01927146753824563,0,0,2
L256_new_13,dense_carry,scaleshift,rgbd_bonn_static_close_far,0.21733405916914222,0.8831743155395175,0.6702630529507314,0.022733170291069884,0,0,6
L256_new_13,dense_carry,scaleshift,rgbd_dataset_freiburg3_walking_static,0.18864705005056712,0.9527529323160727,0.789618567254937,0.0331922220398556,0,0,2
L256_new_13,dense_reset,none,rgbd_bonn_crowd2,0.17549774166386425,0.4044381098090112,0.8334392573106439,0.035239765676433915,0,0,3
L256_new_13,dense_reset,none,rgbd_bonn_person_tracking2,0.10076471651912507,0.39027313035447053,0.9036057948768741,0.022621694932601563,0,0,2
L256_new_13,dense_reset,none,rgbd_bonn_static_close_far,0.32327514243905814,1.2025186663217768,0.3660074055869426,0.016789136029405034,0,0,6
L256_new_13,dense_reset,none,rgbd_dataset_freiburg3_walking_static,0.18336052334205635,0.8816806268967944,0.8434930111589126,0.04016251118666177,0,0,2
L256_new_13,dense_reset,median,rgbd_bonn_crowd2,0.17322773080343362,0.4026714303003252,0.8356159313237618,0.03492403115033042,0,0,3
L256_new_13,dense_reset,median,rgbd_bonn_person_tracking2,0.10016411993547947,0.3721489380874209,0.9092698350718089,0.023426293216461235,0,0,2
L256_new_13,dense_reset,median,rgbd_bonn_static_close_far,0.21344483967494512,0.5358336745833124,0.7687967181701847,0.01888372043141492,0,0,6
L256_new_13,dense_reset,median,rgbd_dataset_freiburg3_walking_static,0.17447919717962357,0.9230391837462208,0.838064117967848,0.04216364131003214,0,0,2
L256_new_13,dense_reset,scaleshift,rgbd_bonn_crowd2,0.16018102926722158,0.4178485767686608,0.8196195748573927,0.03742657510297114,0,0,3
L256_new_13,dense_reset,scaleshift,rgbd_bonn_person_tracking2,0.09694600434770582,0.3952534395597318,0.9185027990485807,0.021640422655224298,0,0,2
L256_new_13,dense_reset,scaleshift,rgbd_bonn_static_close_far,0.21067540336546334,0.9659255913182634,0.6950536354049164,0.027132935438314482,0,0,6
L256_new_13,dense_reset,scaleshift,rgbd_dataset_freiburg3_walking_static,0.19126569991018103,0.9276036893477111,0.7937205129758808,0.03714860231504726,0,0,2
L256_new_13,output_hold,none,rgbd_bonn_crowd2,0.1966170858969614,0.47516719917139133,0.8041694869041062,0.03957987919456627,0,0,3
L256_new_13,output_hold,none,rgbd_bonn_person_tracking2,0.10783684776882264,0.4197176858835621,0.8803197744825982,0.020328586095969763,0,0,2
L256_new_13,output_hold,none,rgbd_bonn_static_close_far,0.33518030239442165,1.2104054695080528,0.35027832461118247,0.015294585886712718,0,0,6
L256_new_13,output_hold,none,rgbd_dataset_freiburg3_walking_static,0.19684677778153464,0.9640607294170396,0.8256337879408219,0.040444796825906786,0,0,2
L256_new_13,output_hold,median,rgbd_bonn_crowd2,0.19328187692426557,0.4724332965814862,0.8062728655882686,0.0391904555997845,0,0,3
L256_new_13,output_hold,median,rgbd_bonn_person_tracking2,0.10951339919690713,0.4038435138466098,0.8944439237089626,0.020930625921575567,0,0,2
L256_new_13,output_hold,median,rgbd_bonn_static_close_far,0.2219839565173296,0.5621746994094876,0.7517271589843748,0.01647557346896097,0,0,6
L256_new_13,output_hold,median,rgbd_dataset_freiburg3_walking_static,0.1916763432842816,1.014741089141464,0.8196213475258267,0.042429243690696894,0,0,2
L256_new_13,output_hold,scaleshift,rgbd_bonn_crowd2,0.18047168414380893,0.49538133646003635,0.7908769013704853,0.04092429274710546,0,0,3
L256_new_13,output_hold,scaleshift,rgbd_bonn_person_tracking2,0.10463829484918187,0.42342267339206274,0.9020019151981656,0.019298722301407154,0,0,2
L256_new_13,output_hold,scaleshift,rgbd_bonn_static_close_far,0.21852635170206539,1.006690240988055,0.6856254328890417,0.021477974027315157,0,0,6
L256_new_13,output_hold,scaleshift,rgbd_dataset_freiburg3_walking_static,0.2058007230378167,0.9930026417806821,0.7767671374993765,0.035696454195755865,0,0,2
L256_new_13,gmc_k30,none,rgbd_bonn_crowd2,0.16911029865419624,0.396881612302137,0.8321552259868755,0.03310347217567493,0,0,3
L256_new_13,gmc_k30,none,rgbd_bonn_person_tracking2,0.11105859491978237,0.41594803927626534,0.8801893782873946,0.023607302813195577,0,0,2
L256_new_13,gmc_k30,none,rgbd_bonn_static_close_far,0.33812219089757256,1.2516914837229174,0.3286101201713985,0.022881608903820575,0,0,6
L256_new_13,gmc_k30,none,rgbd_dataset_freiburg3_walking_static,0.18077666871490555,0.8960990896256451,0.8345725011290143,0.03635078606696589,0,0,2
L256_new_13,gmc_k30,median,rgbd_bonn_crowd2,0.17006830761174097,0.39823394805361756,0.8295076621766647,0.033461904280143354,0,0,3
L256_new_13,gmc_k30,median,rgbd_bonn_person_tracking2,0.11310094637969831,0.41260959528309615,0.8868492684112723,0.02406655754289032,0,0,2
L256_new_13,gmc_k30,median,rgbd_bonn_static_close_far,0.23600968921976673,0.6582555823269508,0.7091724896422698,0.027426981953558874,0,0,6
L256_new_13,gmc_k30,median,rgbd_dataset_freiburg3_walking_static,0.1703871219643409,0.9251733507718017,0.8302944241591982,0.03799381825652853,0,0,2
L256_new_13,gmc_k30,scaleshift,rgbd_bonn_crowd2,0.15493401625134975,0.41797594199908594,0.8109052323312324,0.03603898590566074,0,0,3
L256_new_13,gmc_k30,scaleshift,rgbd_bonn_person_tracking2,0.10813358332307157,0.4302602759368875,0.8965391696761543,0.021845243943444767,0,0,2
L256_new_13,gmc_k30,scaleshift,rgbd_bonn_static_close_far,0.3891155106123,23.674301141457782,0.6472690822511323,0.1747371905175118,3,1,6
L256_new_13,gmc_k30,scaleshift,rgbd_dataset_freiburg3_walking_static,0.18911148166510944,0.9529527322447721,0.7880753997413561,0.03463339528840527,0,0,2
L256_new_13,da2_196,median,rgbd_bonn_crowd2,0.447142332148322,12.121847702276986,0.44180977005236194,0.20907528367734005,3,0,3
L256_new_13,da2_196,median,rgbd_bonn_person_tracking2,0.34836470669244707,1.659528433671905,0.43625093254655994,0.12831752083853243,0,0,2
L256_new_13,da2_196,median,rgbd_bonn_static_close_far,0.9176783487710816,28.87570518804198,0.33613311251444666,0.2656988338483921,5,1,6
L256_new_13,da2_196,median,rgbd_dataset_freiburg3_walking_static,0.4645022511657554,28.487410875344697,0.5809960617571647,0.32320928048650416,2,0,2
L256_new_13,da2_196,scaleshift,rgbd_bonn_crowd2,0.19105112350302825,0.6112371100717414,0.6951412333611348,0.07576873746550569,0,0,3
L256_new_13,da2_196,scaleshift,rgbd_bonn_person_tracking2,0.1440238121719569,0.5366087142618214,0.8021631258345308,0.0290837020447633,0,0,2
L256_new_13,da2_196,scaleshift,rgbd_bonn_static_close_far,0.20223776238908345,0.5935400222114062,0.6988658348114469,0.032351396587360116,0,0,6
L256_new_13,da2_196,scaleshift,rgbd_dataset_freiburg3_walking_static,0.21734422448519794,1.1881262751284796,0.6410807955759379,0.08357537328895487,0,0,2
L256_new_13,da2_256,median,rgbd_bonn_crowd2,0.43585939504602034,19.94199041636951,0.4717160595252045,0.18656869321951527,3,0,3
L256_new_13,da2_256,median,rgbd_bonn_person_tracking2,0.29719919596138433,1.2224935258205476,0.4471665127024226,0.06810258219077256,0,0,2
L256_new_13,da2_256,median,rgbd_bonn_static_close_far,0.8693631812475173,40.11635929437343,0.3359181363496987,0.2465880113399585,5,1,6
L256_new_13,da2_256,median,rgbd_dataset_freiburg3_walking_static,0.8725578893910821,115.71600673441529,0.7028821081450053,0.6943926876761638,2,0,2
L256_new_13,da2_256,scaleshift,rgbd_bonn_crowd2,0.17717967220653316,0.6143791370355044,0.7333616999037453,0.05539889023960328,0,0,3
L256_new_13,da2_256,scaleshift,rgbd_bonn_person_tracking2,0.1378467377663851,0.5083189250723813,0.8117579020061905,0.023811194818575934,0,0,2
L256_new_13,da2_256,scaleshift,rgbd_bonn_static_close_far,0.2074005560486316,0.5592780675324877,0.692919860070427,0.024635229208563522,0,0,6
L256_new_13,da2_256,scaleshift,rgbd_dataset_freiburg3_walking_static,0.25404183345223275,4.249377061716231,0.6778397931250814,0.08485024208199048,1,0,2
L256_new_13,da2_350,median,rgbd_bonn_crowd2,0.48867163841124717,16.2511023810177,0.4189299028252878,0.15866145777135102,3,0,3
L256_new_13,da2_350,median,rgbd_bonn_person_tracking2,0.35986700494967894,5.894451557635711,0.40747013438063134,0.07090316766122261,1,0,2
L256_new_13,da2_350,median,rgbd_bonn_static_close_far,1.2390969749429244,72.3596721499331,0.33596533824148894,0.5804606379534806,5,3,6
L256_new_13,da2_350,median,rgbd_dataset_freiburg3_walking_static,0.7966358220077606,111.23529705595345,0.7703292034900517,0.7642191212136183,2,0,2
L256_new_13,da2_350,scaleshift,rgbd_bonn_crowd2,0.19361486423065383,0.6184237944299247,0.6708082258414595,0.049220559078115456,0,0,3
L256_new_13,da2_350,scaleshift,rgbd_bonn_person_tracking2,0.14008152158950954,0.5122029533497869,0.805055874413371,0.020333481368964793,0,0,2
L256_new_13,da2_350,scaleshift,rgbd_bonn_static_close_far,0.2266011699306209,0.6036401931092436,0.6439943232564718,0.02229590422125975,0,0,6
L256_new_13,da2_350,scaleshift,rgbd_dataset_freiburg3_walking_static,0.4237582056489882,26.924159170903753,0.7716026294901542,0.24567643983621668,2,0,2
L256_new_13,da2_518,median,rgbd_bonn_crowd2,0.5147849666426464,15.951592747961845,0.39220117752591893,0.14809164492903076,3,0,3
L256_new_13,da2_518,median,rgbd_bonn_person_tracking2,0.43827649460565904,36.03088167751567,0.3918414734653459,0.12199297933429529,2,0,2
L256_new_13,da2_518,median,rgbd_bonn_static_close_far,1.4207619533523173,88.0835801056344,0.3351346177513584,0.5618113425856305,4,3,6
L256_new_13,da2_518,median,rgbd_dataset_freiburg3_walking_static,0.7835764577842396,125.87341553016967,0.7826187624262709,0.719425847791385,2,0,2
L256_new_13,da2_518,scaleshift,rgbd_bonn_crowd2,0.19833895541234806,0.6166726046455444,0.662271503141803,0.04526519020695875,0,0,3
L256_new_13,da2_518,scaleshift,rgbd_bonn_person_tracking2,0.13871202550894193,0.5131366066213827,0.8083803620091171,0.018300452023334142,0,0,2
L256_new_13,da2_518,scaleshift,rgbd_bonn_static_close_far,0.2332085846803579,0.6280192529091972,0.6286652281592582,0.02073458975230155,0,0,6
L256_new_13,da2_518,scaleshift,rgbd_dataset_freiburg3_walking_static,1.0717837153457896,53.385959381814,0.7865107650548907,0.4745372732585777,2,1,2
L256_new_13,midas_192,median,rgbd_bonn_crowd2,0.24760501362213747,0.981727358095271,0.5637063295758266,0.0883004985119551,0,0,3
L256_new_13,midas_192,median,rgbd_bonn_person_tracking2,1.5061966694622282,1644.3257098540669,0.43179955105619944,1.2489938292427303,1,1,2
L256_new_13,midas_192,median,rgbd_bonn_static_close_far,27.830273813367025,9099.53079649869,0.37832583759889465,39.841596334175705,2,1,6
L256_new_13,midas_192,median,rgbd_dataset_freiburg3_walking_static,0.27470821383413246,741.4836929590451,0.7202564159646804,0.2353594200379271,1,0,2
L256_new_13,midas_192,scaleshift,rgbd_bonn_crowd2,0.16138711642766856,0.5235225432442804,0.7590658642198601,0.06213121753987225,0,0,3
L256_new_13,midas_192,scaleshift,rgbd_bonn_person_tracking2,0.15136855762310214,0.5528381770998219,0.7908876444066607,0.028169324481391714,0,0,2
L256_new_13,midas_192,scaleshift,rgbd_bonn_static_close_far,0.21953951662007504,1.1048617575033262,0.6783393710790161,0.05255837925739477,0,0,6
L256_new_13,midas_192,scaleshift,rgbd_dataset_freiburg3_walking_static,0.15943342376885555,1.0396432936656113,0.765540057158754,0.0574187668791518,0,0,2
L256_new_13,midas_256,median,rgbd_bonn_crowd2,0.47562430520981736,320.41759084189255,0.5011866329799236,0.21778516826786654,1,0,3
L256_new_13,midas_256,median,rgbd_bonn_person_tracking2,17.768056456046473,9337.903663190626,0.38035637351403884,18.455398304611766,2,2,2
L256_new_13,midas_256,median,rgbd_bonn_static_close_far,1.3810665628940035,1434.1608947350444,0.37058455070095125,0.3903716875974186,3,1,6
L256_new_13,midas_256,median,rgbd_dataset_freiburg3_walking_static,0.7773330046442744,2245.3851495712806,0.7447673661477832,0.49185797701352796,1,1,2
L256_new_13,midas_256,scaleshift,rgbd_bonn_crowd2,0.19434057553389508,0.6881118115570192,0.6606563905891457,0.06046615293330968,0,0,3
L256_new_13,midas_256,scaleshift,rgbd_bonn_person_tracking2,0.1454856195927765,0.5363176805473014,0.8038450618546303,0.026154676035327347,0,0,2
L256_new_13,midas_256,scaleshift,rgbd_bonn_static_close_far,0.22266002804001822,0.5925581789505509,0.6767262801787711,0.03700485377192391,0,0,6
L256_new_13,midas_256,scaleshift,rgbd_dataset_freiburg3_walking_static,0.1507939903800284,1.0046239799684697,0.795665237976793,0.05176267202281316,0,0,2
L256_new_13,midas_384,median,rgbd_bonn_crowd2,5.477524221202776,3940.40699305247,0.351635504257346,8.144447267700238,2,2,3
L256_new_13,midas_384,median,rgbd_bonn_person_tracking2,34.22404579685387,12666.568023010703,0.29347710685239453,14.144313941539243,2,2,2
L256_new_13,midas_384,median,rgbd_bonn_static_close_far,24.151287198491133,7243.527002671083,0.40526980290957965,31.87845022184203,5,4,6
L256_new_13,midas_384,median,rgbd_dataset_freiburg3_walking_static,0.8488975707027406,2784.9639364650625,0.7183140762051997,0.7966163091203057,1,1,2
L256_new_13,midas_384,scaleshift,rgbd_bonn_crowd2,0.23446229343189853,0.7495739103539314,0.5569965599955513,0.06616600791731443,0,0,3
L256_new_13,midas_384,scaleshift,rgbd_bonn_person_tracking2,0.1533528000234752,0.569756280038799,0.780646555250578,0.027100271201904058,0,0,2
L256_new_13,midas_384,scaleshift,rgbd_bonn_static_close_far,0.2788709185094478,0.7786337057221864,0.5719063601274958,0.03694961160513954,0,0,6
L256_new_13,midas_384,scaleshift,rgbd_dataset_freiburg3_walking_static,0.18199435015812895,1.1768886127609228,0.7675446224271614,0.056503042849603065,0,0,2
seed_L8,seed1,none,rgbd_bonn_crowd2,0.16647294407391958,0.41011074061321884,0.8401757047019767,0.03135841397824182,0,0,111
seed_L8,seed1,none,rgbd_bonn_person_tracking2,0.11169513375727663,0.42098345710607715,0.8775520361561148,0.021388275798994653,0,0,70
seed_L8,seed1,none,rgbd_bonn_static_close_far,0.31566447406629283,1.1833955283444189,0.37076683225443835,0.014236758002556306,0,16,217
seed_L8,seed1,none,rgbd_dataset_freiburg3_walking_static,0.15449720543295206,0.8266332997754138,0.8566728003189023,0.03492560656451466,0,0,89
seed_L8,seed1,median,rgbd_bonn_crowd2,0.16076789528185398,0.411785486334722,0.8400203126335954,0.030950849118388954,0,0,111
seed_L8,seed1,median,rgbd_bonn_person_tracking2,0.0982574439210255,0.3851747761783542,0.9101080213464154,0.021892502649011616,0,0,70
seed_L8,seed1,median,rgbd_bonn_static_close_far,0.10239045032749032,0.3876533863142417,0.9131692572944143,0.014583343377538973,0,0,217
seed_L8,seed1,median,rgbd_dataset_freiburg3_walking_static,0.13173131748472328,0.8030834080594463,0.8461521688041649,0.034304162951323824,0,0,89
seed_L8,seed1,scaleshift,rgbd_bonn_crowd2,0.12537192097098154,0.4269472661473919,0.8518343618999871,0.030846035466786277,0,0,111
seed_L8,seed1,scaleshift,rgbd_bonn_person_tracking2,0.08683420598195456,0.3516334753154852,0.9299033781959753,0.018713748752881194,0,0,70
seed_L8,seed1,scaleshift,rgbd_bonn_static_close_far,0.08916328211418595,0.3593451802946524,0.9273886491342501,0.015317844833946975,0,0,217
seed_L8,seed1,scaleshift,rgbd_dataset_freiburg3_walking_static,0.12981102407453965,0.8499946951370158,0.8263447388365948,0.028977435366516348,0,0,89
seed_L8,seed2,none,rgbd_bonn_crowd2,0.17769103441030032,0.4263842402854576,0.8287131215337973,0.031133454968584915,0,0,111
seed_L8,seed2,none,rgbd_bonn_person_tracking2,0.11081546603948224,0.41595458410968006,0.8700224910450238,0.019850969789746237,0,0,70
seed_L8,seed2,none,rgbd_bonn_static_close_far,0.3127106502458608,1.1593157997782408,0.3651750075250176,0.013932094770792,0,16,217
seed_L8,seed2,none,rgbd_dataset_freiburg3_walking_static,0.1535906249426477,0.8077233497987562,0.8588502131639862,0.034524008097777004,0,0,89
seed_L8,seed2,median,rgbd_bonn_crowd2,0.16670598915601154,0.4229799449771634,0.8288800439886158,0.030298050923559628,0,0,111
seed_L8,seed2,median,rgbd_bonn_person_tracking2,0.09167848741804063,0.38019643193906827,0.9223677373893894,0.02042624563297727,0,0,70
seed_L8,seed2,median,rgbd_bonn_static_close_far,0.10213430969029147,0.3803409188761085,0.9108469376791989,0.014174370671030691,0,0,217
seed_L8,seed2,median,rgbd_dataset_freiburg3_walking_static,0.12933027980922715,0.7789570538891608,0.8463946427413273,0.03382340790963116,0,0,89
seed_L8,seed2,scaleshift,rgbd_bonn_crowd2,0.12823621311427344,0.43359991087450483,0.8469163456290412,0.031096238758297014,0,0,111
seed_L8,seed2,scaleshift,rgbd_bonn_person_tracking2,0.08219543528568128,0.33853245926546816,0.9376565406413186,0.018103509537598785,0,0,70
seed_L8,seed2,scaleshift,rgbd_bonn_static_close_far,0.0899489197238812,0.35195604793513857,0.9226532577923583,0.0146593124640724,0,0,217
seed_L8,seed2,scaleshift,rgbd_dataset_freiburg3_walking_static,0.12828247585720137,0.8306372442564378,0.8246214163744097,0.028830074969523493,0,0,89
seed_L8,seed0,none,rgbd_bonn_crowd2,0.16666702120530003,0.4070793186853101,0.835651770990743,0.031021966149138887,0,0,111
seed_L8,seed0,none,rgbd_bonn_person_tracking2,0.10525504175418256,0.40393311018945743,0.8907425293922748,0.02004293768456885,0,0,70
seed_L8,seed0,none,rgbd_bonn_static_close_far,0.3082974967468349,1.1603766047984154,0.3906793489259262,0.014577500932399071,0,16,217
seed_L8,seed0,none,rgbd_dataset_freiburg3_walking_static,0.1504834324122175,0.806008307971688,0.8578291474824782,0.03406452189666367,0,0,89
seed_L8,seed0,median,rgbd_bonn_crowd2,0.1590705129691517,0.4058351290022333,0.8388327019840233,0.030392662413816433,0,0,111
seed_L8,seed0,median,rgbd_bonn_person_tracking2,0.08951317670903032,0.3692779892098925,0.9275075923218975,0.020422694569385395,0,0,70
seed_L8,seed0,median,rgbd_bonn_static_close_far,0.10616998826801699,0.4116061148908647,0.9036189379457873,0.014669646064706023,0,0,217
seed_L8,seed0,median,rgbd_dataset_freiburg3_walking_static,0.1285006422536187,0.7860726844359669,0.8466830918522069,0.03349351746857274,0,0,89
seed_L8,seed0,scaleshift,rgbd_bonn_crowd2,0.12334716283173061,0.42186779396789026,0.8542331228086519,0.03129103297915335,0,0,111
seed_L8,seed0,scaleshift,rgbd_bonn_person_tracking2,0.08290084443534684,0.34178244125453217,0.935976555126585,0.018619960202124367,0,0,70
seed_L8,seed0,scaleshift,rgbd_bonn_static_close_far,0.09865540720574693,3.041330033308286,0.917685580873639,0.016963425958153044,1,1,217
seed_L8,seed0,scaleshift,rgbd_dataset_freiburg3_walking_static,0.12776158108074165,0.8398718252219383,0.8284823044573677,0.028759345387137803,0,0,89
seed_L256,seed1,none,rgbd_bonn_crowd2,0.1934437162021707,0.4859263531811147,0.7900044054770294,0.0380353926713658,0,0,3
seed_L256,seed1,none,rgbd_bonn_person_tracking2,0.13210244690759884,0.5027477174429965,0.8056647138762215,0.024591247435011357,0,0,2
seed_L256,seed1,none,rgbd_bonn_static_close_far,0.35712792979467445,1.2771906291028299,0.2788603860905299,0.01608215786758398,0,0,6
seed_L256,seed1,none,rgbd_dataset_freiburg3_walking_static,0.18355749406869964,0.9044849096422701,0.8149539740465646,0.040217310093186326,0,0,2
seed_L256,seed1,median,rgbd_bonn_crowd2,0.20158801965573714,0.4912197969592489,0.7878764472586028,0.03910546149572372,0,0,3
seed_L256,seed1,median,rgbd_bonn_person_tracking2,0.125229201434397,0.4644467901521025,0.8433584450192184,0.025733457849813648,0,0,2
seed_L256,seed1,median,rgbd_bonn_static_close_far,0.230843995123203,0.5852763178072911,0.7377429455883189,0.018202754809136034,0,0,6
seed_L256,seed1,median,rgbd_dataset_freiburg3_walking_static,0.1807223050872764,0.9362237783136094,0.8091599715310973,0.04249150917390335,0,0,2
seed_L256,seed1,scaleshift,rgbd_bonn_crowd2,0.17851584915630694,0.5219571636999211,0.7595072763067896,0.040400478727852566,0,0,3
seed_L256,seed1,scaleshift,rgbd_bonn_person_tracking2,0.11895750395771562,0.4861808972133998,0.8578369246915657,0.021550860790179635,0,0,2
seed_L256,seed1,scaleshift,rgbd_bonn_static_close_far,0.28795102126800404,13.51112562254696,0.6568870386431453,0.049599861226789596,2,0,6
seed_L256,seed1,scaleshift,rgbd_dataset_freiburg3_walking_static,0.19257584607442824,0.959639858562493,0.7695669723904538,0.03880018832910527,0,0,2
seed_L256,seed2,none,rgbd_bonn_crowd2,0.21115318198472183,0.49619332370334396,0.7754835303046486,0.03822897178558436,0,0,3
seed_L256,seed2,none,rgbd_bonn_person_tracking2,0.13034750310719298,0.49386419209301796,0.8079005584234873,0.02263350154983797,0,0,2
seed_L256,seed2,none,rgbd_bonn_static_close_far,0.35451623372862723,1.2417767642712139,0.28016577516369945,0.015682533664946062,0,0,6
seed_L256,seed2,none,rgbd_dataset_freiburg3_walking_static,0.18584817846225746,0.8983600677532345,0.8166134325415224,0.039631015414765075,0,0,2
seed_L256,seed2,median,rgbd_bonn_crowd2,0.21509913919102125,0.5000122840753106,0.7729188587019652,0.0387835128328833,0,0,3
seed_L256,seed2,median,rgbd_bonn_person_tracking2,0.12887996696629722,0.4627184700151637,0.839934848541872,0.023841877952893352,0,0,2
seed_L256,seed2,median,rgbd_bonn_static_close_far,0.23080429273005826,0.5693103924323235,0.7430528619045758,0.017584802219275535,0,0,6
seed_L256,seed2,median,rgbd_dataset_freiburg3_walking_static,0.18221707207680712,0.9348321103369048,0.8101155745720208,0.04184347848983537,0,0,2
seed_L256,seed2,scaleshift,rgbd_bonn_crowd2,0.17683199591336984,0.9025902928290724,0.7617166196016977,0.04327449553560956,1,0,3
seed_L256,seed2,scaleshift,rgbd_bonn_person_tracking2,0.11866316110563277,0.47547600545254215,0.8607748552605472,0.020492101024456522,0,0,2
seed_L256,seed2,scaleshift,rgbd_bonn_static_close_far,0.23672068112090122,3.699706694621737,0.668130047280877,0.027772713960732474,1,0,6
seed_L256,seed2,scaleshift,rgbd_dataset_freiburg3_walking_static,0.19446202804441337,0.934747324455973,0.7713264854865173,0.03690433262568186,0,0,2
seed_L256,seed0,none,rgbd_bonn_crowd2,0.1973858280079338,0.48738888800678665,0.7832716743119952,0.0378028889253595,0,0,3
seed_L256,seed0,none,rgbd_bonn_person_tracking2,0.12091410680193324,0.4731550319206678,0.8365882719731678,0.02334644524469779,0,0,2
seed_L256,seed0,none,rgbd_bonn_static_close_far,0.34555619549875394,1.2336008212595262,0.3112083055949143,0.016295219384711686,0,0,6
seed_L256,seed0,none,rgbd_dataset_freiburg3_walking_static,0.18240383752706202,0.8959013470316474,0.8188557268726154,0.04034977109755476,0,0,2
seed_L256,seed0,median,rgbd_bonn_crowd2,0.20403015928801532,0.4912831296610549,0.7807092190784971,0.038731943417303995,0,0,3
seed_L256,seed0,median,rgbd_bonn_person_tracking2,0.121608379092379,0.44789995331970595,0.8586942165174085,0.02438835611499442,0,0,2
seed_L256,seed0,median,rgbd_bonn_static_close_far,0.2310427294715364,0.591196744109812,0.7340530723889273,0.018171984371582878,0,0,6
seed_L256,seed0,median,rgbd_dataset_freiburg3_walking_static,0.17992917046491955,0.9314426970742528,0.8120705937727958,0.042571254152936354,0,0,2
seed_L256,seed0,scaleshift,rgbd_bonn_crowd2,0.17303610906460198,0.518558806184266,0.7703578219447456,0.04143658304102406,0,0,3
seed_L256,seed0,scaleshift,rgbd_bonn_person_tracking2,0.11582418962133087,0.46560576364083467,0.8714461611729362,0.021565490957198036,0,0,2
seed_L256,seed0,scaleshift,rgbd_bonn_static_close_far,0.30362370853744064,15.71219917450511,0.6614354033467895,0.06337941712740892,2,0,6
seed_L256,seed0,scaleshift,rgbd_dataset_freiburg3_walking_static,0.18996622979365738,0.9392140110805159,0.774753240496947,0.038305532339379195,0,0,2
