scope,model,gauge,aggregation,absrel,rmse,delta1,tce,failed,catastrophic,n
L256_all_13,sparse_k5,none,balanced,0.20712953539136947,0.8818954468085152,0.708704353197138,0.035471058986560514,0,0,13
L256_all_13,sparse_k5,none,equal_sequence,0.19638460809258074,0.7214344115137075,0.7147156917195265,0.03209418640428642,0,0,13
L256_all_13,sparse_k5,median,balanced,0.17465990939802511,0.6797044177741058,0.8171190685327432,0.03768577606023005,0,0,13
L256_all_13,sparse_k5,median,equal_sequence,0.16693220405823342,0.5567189328458833,0.8259087516481247,0.03390256601418342,0,0,13
L256_all_13,sparse_k5,scaleshift,balanced,0.18474731839899572,3.8328233784230332,0.7816659797242469,0.044063389444759585,2,0,13
L256_all_13,sparse_k5,scaleshift,equal_sequence,0.16972383272559805,2.7976258615100966,0.7980875395538675,0.041083672463540784,2,0,13
L256_all_13,sparse_k10,none,balanced,0.21091886474958074,0.8945176054171713,0.7016495760964343,0.033091926264467456,0,0,13
L256_all_13,sparse_k10,none,equal_sequence,0.2005508123650411,0.7385506279704546,0.7052693413257372,0.03028978927522271,0,0,13
L256_all_13,sparse_k10,median,balanced,0.17962065896234172,0.6976437175841247,0.8104708608849215,0.03508274571687256,0,0,13
L256_all_13,sparse_k10,median,equal_sequence,0.17190698742318647,0.5758726234398228,0.8170167383780725,0.031942262497134014,0,0,13
L256_all_13,sparse_k10,scaleshift,balanced,0.18633473872054482,3.4910421853925038,0.7766776068556758,0.04004390334166069,3,0,13
L256_all_13,sparse_k10,scaleshift,equal_sequence,0.171892086936974,2.5711826883715156,0.7911019121090404,0.037702734408570956,3,0,13
L256_all_13,sparse_k30,none,balanced,0.22011143878194733,0.9197634688644952,0.6858703534811401,0.032124767920498086,0,0,13
L256_all_13,sparse_k30,none,equal_sequence,0.21156499195892076,0.772511522054657,0.6874809946881731,0.029448581163080932,0,0,13
L256_all_13,sparse_k30,median,balanced,0.19067887225109947,0.7342680204764909,0.7922354599287115,0.033954088709551355,0,0,13
L256_all_13,sparse_k30,median,equal_sequence,0.18415260957921256,0.6154556310412064,0.7963817754394071,0.03096588451420441,0,0,13
L256_all_13,sparse_k30,scaleshift,balanced,0.2091448855232656,6.085452924236987,0.7548048430506047,0.04351147234885535,2,0,13
L256_all_13,sparse_k30,scaleshift,equal_sequence,0.19561255925425772,4.408894438852682,0.7694981567403546,0.04117175586625255,2,0,13
L256_all_13,sparse_k60,none,balanced,0.22654072406234044,0.935177113383564,0.6749449115222437,0.0316232323342122,0,0,13
L256_all_13,sparse_k60,none,equal_sequence,0.2211649729614209,0.8029635173565843,0.6727569572328654,0.029063721762568974,0,0,13
L256_all_13,sparse_k60,median,balanced,0.20063011405431846,0.7574858687046642,0.7770260006983294,0.03360680017246974,0,0,13
L256_all_13,sparse_k60,median,equal_sequence,0.19657117639723995,0.6502553875654761,0.7769272457103132,0.030726879906069197,0,0,13
L256_all_13,sparse_k60,scaleshift,balanced,0.20388567093879262,4.54248005383367,0.7376085970997932,0.03901189568977201,2,0,13
L256_all_13,sparse_k60,scaleshift,equal_sequence,0.19336723252508864,3.3520882103281613,0.7481951290974951,0.03659970818471078,2,0,13
L256_all_13,dense_carry,none,balanced,0.21024874548032493,0.902724800182988,0.7156445357978098,0.027749295767564512,0,0,13
L256_all_13,dense_carry,none,equal_sequence,0.19684521567571986,0.7243712448517382,0.7264191020835467,0.025396902436517557,0,0,13
L256_all_13,dense_carry,median,balanced,0.17681773763168648,0.7010060074802607,0.8194900128133639,0.029107382973293704,0,0,13
L256_all_13,dense_carry,median,equal_sequence,0.16715282103663193,0.5632931481369601,0.8307576599311459,0.026499759216103667,0,0,13
L256_all_13,dense_carry,scaleshift,balanced,0.1822364510436341,0.8223718182653127,0.7752262084891244,0.02937842559695,0,0,13
L256_all_13,dense_carry,scaleshift,equal_sequence,0.16528297727694805,0.6612536418408788,0.797317351179525,0.02753749437740917,0,0,13
L256_all_13,dense_reset,none,balanced,0.20971832430113307,0.892515661693845,0.7261305023891289,0.031716073150000024,0,0,13
L256_all_13,dense_reset,none,equal_sequence,0.19572453099102596,0.7197276333455133,0.7366363672333434,0.02870327695627557,0,0,13
L256_all_13,dense_reset,median,balanced,0.17685370411580947,0.696700580873751,0.827108247735576,0.03328798807324297,0,0,13
L256_all_13,dense_reset,median,equal_sequence,0.16532897189837045,0.5584233066793198,0.8379366506334008,0.02984942152705968,0,0,13
L256_all_13,dense_reset,scaleshift,balanced,0.1823242227176895,0.8373380243808455,0.7847070488615651,0.03307643737172552,0,0,13
L256_all_13,dense_reset,scaleshift,equal_sequence,0.16476703422264294,0.6766578242485918,0.8067241305716926,0.030837133877889295,0,0,13
L256_all_13,output_hold,none,balanced,0.22327237006374792,0.9426227212906587,0.706617298273764,0.03187108823788976,0,0,13
L256_all_13,output_hold,none,equal_sequence,0.20912025346043508,0.7673377709950114,0.7151003434846772,0.028911962000788886,0,0,13
L256_all_13,output_hold,median,balanced,0.19147565577097106,0.7616533312709411,0.8077917103113044,0.033169787033619225,0,0,13
L256_all_13,output_hold,median,equal_sequence,0.17911389398069597,0.6132981497447619,0.8180163239518582,0.029756474670254482,0,0,13
L256_all_13,output_hold,scaleshift,balanced,0.1953090574980179,0.8915747697715807,0.768006367488921,0.031172121795485327,0,0,13
L256_all_13,output_hold,scaleshift,equal_sequence,0.17735926343321823,0.729624223155209,0.7888178467392672,0.02934936081789591,0,0,13
L256_all_13,gmc_k30,none,balanced,0.21231156222141134,0.9170930219773125,0.7096094756097728,0.031161510819895696,0,0,13
L256_all_13,gmc_k30,none,equal_sequence,0.19976693829661418,0.7401550562317412,0.7188818063936707,0.02898579248991424,0,0,13
L256_all_13,gmc_k30,median,balanced,0.18139468826412886,0.7369718650565085,0.8048871727875622,0.03324497306004193,0,0,13
L256_all_13,gmc_k30,median,equal_sequence,0.17239151629388672,0.5985681191088665,0.8139559610973512,0.03073731550828027,0,0,13
L256_all_13,gmc_k30,scaleshift,balanced,0.22714427897890824,8.935359121388045,0.7662371077790013,0.06945492643453975,3,1,13
L256_all_13,gmc_k30,scaleshift,equal_sequence,0.2103236479629577,6.368872522909632,0.7856972209999687,0.06681370391375564,3,1,13
L256_all_13,da2_196,median,balanced,0.5661052579330919,25.07089954763365,0.4838760074280243,0.2725970381919776,10,1,13
L256_all_13,da2_196,median,equal_sequence,0.5444219096944015,17.786123049833893,0.4487974692176333,0.23157522971269218,10,1,13
L256_all_13,da2_196,scaleshift,balanced,0.20237681472657654,0.8880403314052565,0.6797036927855125,0.06389396382920366,0,0,13
L256_all_13,da2_196,scaleshift,equal_sequence,0.18866423063731663,0.7323780304183621,0.7093127473957626,0.05519480234664599,0,0,13
L256_all_13,da2_256,median,balanced,0.7510732513920835,73.16680219122478,0.5501952845996686,0.4440457092140558,10,1,13
L256_all_13,da2_256,median,equal_sequence,0.618744915411501,44.2492124927447,0.48942070418058276,0.2989129936066025,10,1,13
L256_all_13,da2_256,scaleshift,balanced,0.21941352607553624,2.4078699517860174,0.7030734018521534,0.05909358061662817,1,0,13
L256_all_13,da2_256,scaleshift,equal_sequence,0.19411719986844567,1.4828382978391512,0.728969813776361,0.047173889087183306,1,0,13
L256_all_13,da2_350,median,balanced,0.8213931333419642,81.869406786419,0.5723131737618126,0.5607535945401364,11,3,13
L256_all_13,da2_350,median,equal_sequence,0.7210678600779028,51.43513078613499,0.48317364473436497,0.39356109614991813,11,3,13
L256_all_13,da2_350,scaleshift,balanced,0.31178313683318243,13.757604925889726,0.7277103545873195,0.13767031767446525,2,0,13
L256_all_13,da2_350,scaleshift,equal_sequence,0.24601394034994312,7.164606527948177,0.7228652632503642,0.08438159612613917,2,0,13
L256_all_13,da2_518,median,balanced,0.8728251363831303,95.69714853246887,0.5728078622140347,0.5371499072976998,11,3,13
L256_all_13,da2_518,median,equal_sequence,0.7893499680962156,66.48486751532039,0.47544900779222354,0.3878304536600854,11,3,13
L256_all_13,da2_518,scaleshift,balanced,0.6380327291059191,26.994737642446854,0.7303417426571024,0.2509280644321812,2,1,13
L256_all_13,da2_518,scaleshift,equal_sequence,0.41051082023685936,13.78594696149753,0.7214569645912673,0.13970937631029304,2,1,13
L256_all_13,midas_192,median,balanced,7.426832290386002,3642.138940227811,0.5815462231615292,10.462192797503132,4,2,13
L256_all_13,midas_192,median,equal_sequence,7.4646959275713805,2871.580481667474,0.5235220335489003,10.35356252049208,4,2,13
L256_all_13,midas_192,scaleshift,balanced,0.17425755417496377,0.9567472968888726,0.7448616529850287,0.053936290908611614,0,0,13
L256_all_13,midas_192,scaleshift,equal_sequence,0.1729321536099253,0.8052164428782599,0.7484582342160727,0.05006942203945263,0,0,13
L256_all_13,midas_256,median,balanced,2.5771070208407787,3268.6775915408634,0.5776255544542972,2.2174229633778264,7,4,13
L256_all_13,midas_256,median,equal_sequence,5.100520082198642,3334.4668245847106,0.49922373083567423,4.888853284372645,7,4,13
L256_all_13,midas_256,scaleshift,balanced,0.17493786847103426,0.8081154871668379,0.7465009756812708,0.04668268762489181,0,0,13
L256_all_13,midas_256,scaleshift,equal_sequence,0.17832005338667956,0.7054029127558353,0.7342232426498351,0.04384708869084353,0,0,13
L256_all_13,midas_384,median,balanced,10.78819802303699,5367.582691553325,0.5428819257218774,11.149306653215296,10,9,13
L256_all_13,midas_384,median,equal_sequence,16.17543869681263,6658.866488799829,0.44217412255613,13.740956935050454,10,9,13
L256_all_13,midas_384,scaleshift,balanced,0.2114983930268282,0.9549655979477217,0.688315493957971,0.049954343053699495,0,0,13
L256_all_13,midas_384,scaleshift,equal_sequence,0.21217009053073763,0.8187131272189598,0.6692735244501966,0.046679733393490276,0,0,13
matched_timing_4x256,sparse_k5,none,balanced,0.17514148770085808,0.5870664826415801,0.8295656622862302,0.03727732663611523,0,0,4
matched_timing_4x256,sparse_k5,none,equal_sequence,0.21280185324712744,0.5050355452798615,0.782901219591108,0.03559350351316687,0,0,4
matched_timing_4x256,sparse_k5,median,balanced,0.1668570486361845,0.6032436069505469,0.8256032350646728,0.03852039234648923,0,0,4
matched_timing_4x256,sparse_k5,median,equal_sequence,0.19817791935906184,0.5092133281693364,0.7864496038752654,0.036088695680431736,0,0,4
matched_timing_4x256,sparse_k5,scaleshift,balanced,0.15347309415698215,0.6497347468137085,0.7826858749577761,0.03617516269790427,0,0,4
matched_timing_4x256,sparse_k5,scaleshift,equal_sequence,0.17291930985393233,0.5780487016827867,0.733842511611737,0.03706809476329848,0,0,4
matched_timing_4x256,sparse_k10,none,balanced,0.1776878400980454,0.6034625773902466,0.8221252898516126,0.03390438074417817,0,0,4
matched_timing_4x256,sparse_k10,none,equal_sequence,0.21638461908707202,0.52345367152462,0.7736143764991641,0.03318423804430044,0,0,4
matched_timing_4x256,sparse_k10,median,balanced,0.17184884623877453,0.6209598611486086,0.8167878793382822,0.035040717680491607,0,0,4
matched_timing_4x256,sparse_k10,median,equal_sequence,0.20366794468307997,0.5285227625655208,0.775579604982998,0.033675720641770615,0,0,4
matched_timing_4x256,sparse_k10,scaleshift,balanced,0.15391166213346447,0.6739291677292847,0.7804102659007717,0.0331992842799096,1,0,4
matched_timing_4x256,sparse_k10,scaleshift,equal_sequence,0.17276461490593878,0.6099837768803276,0.7337894143179247,0.03453875393399668,1,0,4
matched_timing_4x256,sparse_k30,none,balanced,0.1939829671525638,0.6557158812859609,0.8001252053628616,0.03360856784277387,0,0,4
matched_timing_4x256,sparse_k30,none,equal_sequence,0.23880157424009615,0.5776522694091919,0.7506171951039301,0.03301019685801055,0,0,4
matched_timing_4x256,sparse_k30,median,balanced,0.18731485053698843,0.6720756024590866,0.7941834128370615,0.0347083551217621,0,0,4
matched_timing_4x256,sparse_k30,median,equal_sequence,0.22051516474867108,0.5778629762418954,0.7507376921621384,0.03340947333754087,0,0,4
matched_timing_4x256,sparse_k30,scaleshift,balanced,0.1630095679927173,0.6888888380707526,0.7575670345683532,0.03217764614907964,0,0,4
matched_timing_4x256,sparse_k30,scaleshift,equal_sequence,0.17999271474981443,0.5964051756581583,0.7229075982690181,0.033233385797390956,0,0,4
matched_timing_4x256,sparse_k60,none,balanced,0.20386280427526524,0.6761792741940718,0.7881336426829096,0.03299070439765943,0,0,4
matched_timing_4x256,sparse_k60,none,equal_sequence,0.25823117322631056,0.61071441758531,0.7370984548274433,0.03269787647532043,0,0,4
matched_timing_4x256,sparse_k60,median,balanced,0.19690967601119913,0.6839064665817458,0.7802126602866868,0.03410850135562768,0,0,4
matched_timing_4x256,sparse_k60,median,equal_sequence,0.23464250258247793,0.6012817180482577,0.7344320699560383,0.03305987741062031,0,0,4
matched_timing_4x256,sparse_k60,scaleshift,balanced,0.16912551257371178,0.7083504464254149,0.7427984824952372,0.031644320675994216,0,0,4
matched_timing_4x256,sparse_k60,scaleshift,equal_sequence,0.19156772099878577,0.6175771021175366,0.7009602967781352,0.03254335568502192,0,0,4
matched_timing_4x256,dense_carry,none,balanced,0.18081530786702577,0.6098053757310931,0.835469437252389,0.028989998879025414,0,0,4
matched_timing_4x256,dense_carry,none,equal_sequence,0.21749478232823596,0.51112995361553,0.7909567613622865,0.02815534722042825,0,0,4
matched_timing_4x256,dense_carry,median,balanced,0.1675417536136703,0.6230645760900206,0.8342944316673669,0.029517541036318075,0,0,4
matched_timing_4x256,dense_carry,median,equal_sequence,0.1977665372437785,0.5127397274706439,0.7972982931005772,0.028243206541148456,0,0,4
matched_timing_4x256,dense_carry,scaleshift,balanced,0.16173404990306567,0.6806180664310484,0.7693998908200026,0.028245589245816837,0,0,4
matched_timing_4x256,dense_carry,scaleshift,equal_sequence,0.17924602850180998,0.5861336914760447,0.7251364745718386,0.029464587446689675,0,0,4
matched_timing_4x256,dense_reset,none,balanced,0.18688265872793464,0.6357374098092887,0.8373360802923129,0.032571175460381394,0,0,4
matched_timing_4x256,dense_reset,none,equal_sequence,0.22035287476982512,0.5256673017437485,0.7926593412932635,0.031238570028401434,0,0,4
matched_timing_4x256,dense_reset,median,balanced,0.17462567320655598,0.658191169168302,0.8366654458115538,0.03309492545141934,0,0,4
matched_timing_4x256,dense_reset,median,equal_sequence,0.2014973352968279,0.5311878695007994,0.8008892730188107,0.031105684473894953,0,0,4
matched_timing_4x256,dense_reset,scaleshift,balanced,0.16836105463158926,0.7083510013903764,0.7713618141453006,0.030741663606196998,0,0,4
matched_timing_4x256,dense_reset,scaleshift,equal_sequence,0.18375830650994288,0.607434293026114,0.7310509811386101,0.03212483511468614,0,0,4
matched_timing_4x256,output_hold,none,balanced,0.2052808028025952,0.7045117184580483,0.8152577328483392,0.033172306533347615,0,0,4
matched_timing_4x256,output_hold,none,equal_sequence,0.2462449434874239,0.5912822365942422,0.7672265926105455,0.03255359226993425,0,0,4
matched_timing_4x256,output_hold,median,balanced,0.18946516747010883,0.7253402022096176,0.8124560151287896,0.033535039018324775,0,0,4
matched_timing_4x256,output_hold,median,equal_sequence,0.21677608180337654,0.5900326215925722,0.7720079381827201,0.032165204157356526,0,0,4
matched_timing_4x256,output_hold,scaleshift,balanced,0.1768579425212446,0.7413527885185014,0.7611052472203825,0.03036288594061877,0,0,4
matched_timing_4x256,output_hold,scaleshift,equal_sequence,0.1905673556372016,0.6198752285334742,0.7271753176954592,0.031884484614366985,0,0,4
matched_timing_4x256,gmc_k30,none,balanced,0.18315786423087999,0.6206985872656441,0.8279147294222673,0.03111198927430541,0,0,4
matched_timing_4x256,gmc_k30,none,equal_sequence,0.2211109975768748,0.524977216369249,0.777557607081177,0.031155834002024964,0,0,4
matched_timing_4x256,gmc_k30,median,balanced,0.16824863655274747,0.6341435387090391,0.8284167988020364,0.03158257049418965,0,0,4
matched_timing_4x256,gmc_k30,median,equal_sequence,0.197499787848239,0.5271810353965867,0.787482121369689,0.030982611314403812,0,0,4
matched_timing_4x256,gmc_k30,scaleshift,balanced,0.17148727157352617,3.990954298205338,0.7726017400917626,0.04075989080648056,1,0,4
matched_timing_4x256,gmc_k30,scaleshift,equal_sequence,0.19964810506037156,4.133081451857408,0.7349651688415039,0.055748853113581645,1,0,4
matched_timing_4x256,da2_196,median,balanced,0.5340107451867286,34.990944547614205,0.5161662371390432,0.2945140715741021,3,1,4
matched_timing_4x256,da2_196,median,equal_sequence,0.7105090420545749,33.02651419731833,0.4413450009187455,0.39382794953587313,3,1,4
matched_timing_4x256,da2_196,scaleshift,balanced,0.18246756946191794,0.8516227905466366,0.7336226426750997,0.0588633114624557,0,0,4
matched_timing_4x256,da2_196,scaleshift,equal_sequence,0.20136425200745509,0.7165585474308833,0.69914695999226,0.056107751839452054,0,0,4
matched_timing_4x256,da2_256,median,balanced,0.8201183786965767,94.48994001176752,0.5719467476741036,0.5658518627038501,3,1,4
matched_timing_4x256,da2_256,median,equal_sequence,0.8991077789542146,68.46818788249315,0.485032152131288,0.5523887103567436,3,1,4
matched_timing_4x256,da2_256,scaleshift,balanced,0.17510374182218108,0.7906417551631905,0.7663020117534507,0.04672873298950839,0,0,4
matched_timing_4x256,da2_256,scaleshift,equal_sequence,0.1949005137837647,0.6594887941925686,0.7169172873533474,0.04378239695112407,0,0,4
matched_timing_4x256,da2_350,median,balanced,0.8771350545059622,93.23304637969349,0.5919418101616739,0.645069009344053,3,1,4
matched_timing_4x256,da2_350,median,equal_sequence,0.9707777397946222,67.9631649762667,0.4802421340564783,0.6146980305612908,3,1,4
matched_timing_4x256,da2_350,scaleshift,balanced,0.17575549292668757,1.0648459313519318,0.7782048048050265,0.04397719466937111,1,0,4
matched_timing_4x256,da2_350,scaleshift,equal_sequence,0.20224927250991598,0.782883670901015,0.7068313195420408,0.03964278022074462,1,0,4
matched_timing_4x256,da2_518,median,balanced,0.9366591048041367,108.25340119703077,0.5925325657512168,0.6546143593394618,4,1,4
matched_timing_4x256,da2_518,median,equal_sequence,1.0897623186331982,82.94226185489434,0.4712434443436209,0.6213600273785399,4,1,4
matched_timing_4x256,da2_518,scaleshift,balanced,0.1810842343066453,1.46463741339363,0.7798587558490111,0.04224943840287574,1,0,4
matched_timing_4x256,da2_518,scaleshift,equal_sequence,0.2071063821641494,0.9854986109792702,0.7065146009408666,0.037137278161596204,1,0,4
matched_timing_4x256,midas_192,median,balanced,0.7216938001749672,730.912409013715,0.6072384752599012,0.5406787931653341,1,1,4
matched_timing_4x256,midas_192,median,equal_sequence,0.917373209888198,584.2340234783088,0.5207659586268868,0.6649727420687738,1,1,4
matched_timing_4x256,midas_192,scaleshift,balanced,0.16517221445101465,0.8359910758379225,0.7739682160919272,0.053641807786549346,0,0,4
matched_timing_4x256,midas_192,scaleshift,equal_sequence,0.19687819679843202,0.754279236246898,0.7109767805171063,0.057614464790369364,0,0,4
matched_timing_4x256,midas_256,median,balanced,1.365422756450061,2617.9502382167084,0.5939331499914493,0.8705756484547761,3,2,4
matched_timing_4x256,midas_256,median,equal_sequence,1.3254041595777712,1758.187761333508,0.4880540032863628,0.7945357493221061,3,2,4
matched_timing_4x256,midas_256,scaleshift,balanced,0.1636699687458587,0.7637138037033862,0.7758085598044446,0.045876012726529414,0,0,4
matched_timing_4x256,midas_256,scaleshift,equal_sequence,0.20250959337832486,0.6722507092793791,0.7008853287862529,0.04825132283001558,0,0,4
matched_timing_4x256,midas_384,median,balanced,10.798435745635818,6119.94367598341,0.5356210602433178,10.48093833771204,4,4,4
matched_timing_4x256,midas_384,median,equal_sequence,15.219317418522365,6518.684641888902,0.42431401078011394,16.039588135248888,4,4,4
matched_timing_4x256,midas_384,scaleshift,balanced,0.1939648143579939,0.8573434369265811,0.7160710275547255,0.0477935783350638,0,0,4
matched_timing_4x256,midas_384,scaleshift,equal_sequence,0.24159278839197174,0.7718023186020464,0.6229812161768943,0.048138743995018156,0,0,4
