length,model,gauge,sequence,absrel,rmse,delta1,temporal_delta,opw,tce,failed,catastrophic,n
256,sparse_k30,none,rgbd_dataset_freiburg3_sitting_rpy,0.2229201370480779,1.6313176905929352,0.7129650897391487,0.18471551533618005,0.029397298503226855,0.042306333111011306,0,0,3
256,sparse_k30,none,rgbd_dataset_freiburg3_sitting_xyz,0.1057174927198828,0.6140938254287935,0.8754416602275936,0.15719794105080998,0.0146719874708376,0.02792651314397334,0,0,4
256,sparse_k30,none,rgbd_dataset_freiburg3_walking_rpy,0.29243223872817303,1.7471639897311455,0.6509626757512703,0.2211709963729958,0.04796321074053546,0.06384094950559972,0,0,3
256,sparse_k30,none,rgbd_dataset_freiburg3_walking_xyz,0.21164098146690608,1.1864795238012429,0.7481141608240821,0.2787218729654948,0.044894487919165886,0.0600402904963951,0,0,3
256,sparse_k30,median,rgbd_dataset_freiburg3_sitting_rpy,0.27259721654890307,1.5956680107113834,0.6261907727895335,0.2127750521391825,0.03460153469360202,0.04704527449881968,0,0,3
256,sparse_k30,median,rgbd_dataset_freiburg3_sitting_xyz,0.09039770946449034,0.6004347353973294,0.90851847949347,0.15237130557789522,0.014045158777815417,0.027440628289660863,0,0,4
256,sparse_k30,median,rgbd_dataset_freiburg3_walking_rpy,0.30650894474257323,1.7517775545929413,0.6325828534253563,0.22543050728592218,0.049659335008628055,0.06543522798926282,0,0,3
256,sparse_k30,median,rgbd_dataset_freiburg3_walking_xyz,0.19945627493486512,1.168961819697884,0.7546933658235685,0.2762298234927109,0.04404144104973394,0.05924525161997384,0,0,3
256,sparse_k30,scaleshift,rgbd_dataset_freiburg3_sitting_rpy,0.21255730397250983,1.5863450326775803,0.6751070757084958,0.05697245442010219,0.011321912094839919,0.027003670092940135,0,0,3
256,sparse_k30,scaleshift,rgbd_dataset_freiburg3_sitting_xyz,0.09244667823414217,0.6156340859924497,0.9079782301274413,0.13822951223336014,0.013272264558082964,0.026840616653596935,0,0,4
256,sparse_k30,scaleshift,rgbd_dataset_freiburg3_walking_rpy,0.2687396092210835,1.8474771260281089,0.6250421559334806,0.08480345034131817,0.024422925529991615,0.04236653874612261,0,0,3
256,sparse_k30,scaleshift,rgbd_dataset_freiburg3_walking_xyz,0.20115608911273639,1.2765429097659113,0.6934915717950447,0.18822300231534672,0.03207496102542864,0.04826568429801732,0,0,3
256,sparse_k5,none,rgbd_dataset_freiburg3_sitting_rpy,0.2180089739838482,1.623495545425467,0.7196675938491149,0.18698491115196078,0.02941458220392825,0.042301937292789325,0,0,3
256,sparse_k5,none,rgbd_dataset_freiburg3_sitting_xyz,0.09705057719714456,0.5421993587875277,0.8914792442719929,0.14761275684132297,0.013790995661982011,0.02695100505807585,0,0,4
256,sparse_k5,none,rgbd_dataset_freiburg3_walking_rpy,0.291717996181375,1.7356579633293292,0.6525113848465667,0.22732077205882353,0.04897145235401725,0.06479625591165275,0,0,3
256,sparse_k5,none,rgbd_dataset_freiburg3_walking_xyz,0.21795043946100456,1.1945218423678392,0.7530567023989172,0.2694754008374183,0.04795930101795769,0.06306289063179092,0,0,3
256,sparse_k5,median,rgbd_dataset_freiburg3_sitting_rpy,0.2671801934460437,1.586692941497074,0.6335750684626499,0.21520019232058057,0.034652390211493515,0.047071970506483214,0,0,3
256,sparse_k5,median,rgbd_dataset_freiburg3_sitting_xyz,0.08192593543143273,0.527715451972769,0.9264137430316502,0.1427686616486194,0.013179439302867517,0.026493272643535907,0,0,4
256,sparse_k5,median,rgbd_dataset_freiburg3_walking_rpy,0.3051574230451119,1.7400229198413066,0.6350530374338103,0.2333003125159569,0.051111207585210774,0.06680804268437723,0,0,3
256,sparse_k5,median,rgbd_dataset_freiburg3_walking_xyz,0.20286443302242488,1.1738770658246198,0.7615316595058927,0.26517259186389397,0.046520992069471793,0.061715741396678514,0,0,3
256,sparse_k5,scaleshift,rgbd_dataset_freiburg3_sitting_rpy,0.20816380283032754,1.5716787155799326,0.6827125101205807,0.06088912377949634,0.011568187171668883,0.027293521431085682,0,0,3
256,sparse_k5,scaleshift,rgbd_dataset_freiburg3_sitting_xyz,0.0820946108354854,0.5354664437126865,0.9281705900865925,0.13818124135335286,0.012947929419659368,0.026325924344690665,0,0,4
256,sparse_k5,scaleshift,rgbd_dataset_freiburg3_walking_rpy,0.26712654096952937,1.83866736125101,0.6269932401204167,0.0889585357865477,0.025280799447898978,0.04315336707056366,0,0,3
256,sparse_k5,scaleshift,rgbd_dataset_freiburg3_walking_xyz,0.20356237640725974,1.2570440629389255,0.6940464193230915,0.18316729676489737,0.03408776881981688,0.050210442558166285,0,0,3
256,dense_carry,none,rgbd_dataset_freiburg3_sitting_rpy,0.21670921138725174,1.6194842387873232,0.7255514845610535,0.16500992868460862,0.027031730768513233,0.04005375745751772,0,0,3
256,dense_carry,none,rgbd_dataset_freiburg3_sitting_xyz,0.09649573558041594,0.523534495585441,0.8933972850136973,0.07289631039488549,0.01050052176132888,0.024326201604198676,0,0,4
256,dense_carry,none,rgbd_dataset_freiburg3_walking_rpy,0.2932479464351779,1.7154995338389758,0.6548270519894637,0.21459415410858354,0.04631583292604278,0.06227665690833413,0,0,3
256,dense_carry,none,rgbd_dataset_freiburg3_walking_xyz,0.23013551484631328,1.2363489932501082,0.7518838412207174,0.1844340305702359,0.03787472088965818,0.05317356124620863,0,0,3
256,dense_carry,median,rgbd_dataset_freiburg3_sitting_rpy,0.26152036262890505,1.5808042159242535,0.6378270849568682,0.190016892377068,0.03171353234943351,0.04428923639358197,0,0,3
256,dense_carry,median,rgbd_dataset_freiburg3_sitting_xyz,0.08050075399729137,0.5071792020542906,0.9306075647912129,0.07043403550690296,0.01001694196182482,0.023977657312471548,0,0,4
256,dense_carry,median,rgbd_dataset_freiburg3_walking_rpy,0.30554654893304867,1.7215662834534946,0.6310610955844075,0.21907334670521855,0.04822868034137552,0.06406407797435681,0,0,3
256,dense_carry,median,rgbd_dataset_freiburg3_walking_xyz,0.2109548759666338,1.2073010473220889,0.7600947608635126,0.1806531070883757,0.036480741867542396,0.051902733939002854,0,0,3
256,dense_carry,scaleshift,rgbd_dataset_freiburg3_sitting_rpy,0.20826039410703198,1.570694852352288,0.6850325493323555,0.0513879460057402,0.010019578029564732,0.026110034600551665,0,0,3
256,dense_carry,scaleshift,rgbd_dataset_freiburg3_sitting_xyz,0.0802062094641556,0.5131957456375742,0.9329836167479291,0.06879031424428902,0.009917731006709575,0.023915403814761864,0,0,4
256,dense_carry,scaleshift,rgbd_dataset_freiburg3_walking_rpy,0.26782123562334464,1.8284818010792996,0.6239807924832458,0.08420655244316151,0.023847865088573394,0.041821713081533936,0,0,3
256,dense_carry,scaleshift,rgbd_dataset_freiburg3_walking_xyz,0.20950290044693334,1.2668014307703455,0.686982725556386,0.12715243171243107,0.026988582100058063,0.04329607562696264,0,0,3
256,dense_reset,none,rgbd_dataset_freiburg3_sitting_rpy,0.22316162041307833,1.621777590009867,0.7339742356124971,0.20544101989347172,0.036709070768838135,0.049441702204897214,0,0,3
256,dense_reset,none,rgbd_dataset_freiburg3_sitting_xyz,0.09578398576355672,0.5045972378391109,0.893591499218554,0.06728386224484911,0.012008077617769859,0.025944193098424873,0,0,4
256,dense_reset,none,rgbd_dataset_freiburg3_walking_rpy,0.296337782870156,1.722205934410822,0.6652304282845236,0.24562320584565206,0.05689666928475354,0.07267818123742437,0,0,3
256,dense_reset,none,rgbd_dataset_freiburg3_walking_xyz,0.2330897874612143,1.2179369206308643,0.7498671052413988,0.2183583826800577,0.04867421304627829,0.06399322268737673,0,0,3
256,dense_reset,median,rgbd_dataset_freiburg3_sitting_rpy,0.25671353000747843,1.586202181104712,0.6364526587208469,0.22986286138397416,0.04209792683992286,0.05447997181624869,0,0,3
256,dense_reset,median,rgbd_dataset_freiburg3_sitting_xyz,0.08029801066171845,0.4861857683228283,0.9300889547705935,0.06499730839448817,0.011481910914816899,0.02553698434565978,0,0,4
256,dense_reset,median,rgbd_dataset_freiburg3_walking_rpy,0.3121349504744628,1.7293207840810416,0.6536886222233347,0.2510336034438189,0.05885293635737469,0.07456703958292832,0,0,3
256,dense_reset,median,rgbd_dataset_freiburg3_walking_xyz,0.214138494627437,1.1918004871879577,0.7593320337813035,0.21351180731081496,0.046764221292169825,0.062199018383514014,0,0,3
256,dense_reset,scaleshift,rgbd_dataset_freiburg3_sitting_rpy,0.22467237875065027,1.6229984206048105,0.6623196005210763,0.04492334306629655,0.010797681649909496,0.026954203459871477,0,0,3
256,dense_reset,scaleshift,rgbd_dataset_freiburg3_sitting_xyz,0.0790120974199011,0.4879372799842818,0.9333916328685071,0.06435497227837057,0.011385941345346819,0.025464982032450283,0,0,4
256,dense_reset,scaleshift,rgbd_dataset_freiburg3_walking_rpy,0.27764126272170564,1.8770733582970875,0.6258437499108028,0.07586709440144059,0.022562363140922803,0.04115381019653168,0,0,3
256,dense_reset,scaleshift,rgbd_dataset_freiburg3_walking_xyz,0.2154435858599116,1.2736701082524489,0.6844999127354644,0.1451063118728937,0.03385977331079345,0.050203641614141925,0,0,3
256,output_hold,none,rgbd_dataset_freiburg3_sitting_rpy,0.22879738187183804,1.6303722290214282,0.7249867047748172,0.1926716075224035,0.036053688444696405,0.048865647313284515,0,0,3
256,output_hold,none,rgbd_dataset_freiburg3_sitting_xyz,0.10444611638862303,0.5544067935228093,0.8787223966339545,0.047819937911688114,0.014684055927902192,0.02786401444983534,0,0,4
256,output_hold,none,rgbd_dataset_freiburg3_walking_rpy,0.2984800302183392,1.7280031217888028,0.662398405847028,0.2257569855334712,0.05421536724988019,0.07015263591704494,0,0,3
256,output_hold,none,rgbd_dataset_freiburg3_walking_xyz,0.2340267785013381,1.2249049188756937,0.7486639366196971,0.18855258717256435,0.04619219624580352,0.06140389831675142,0,0,3
256,output_hold,median,rgbd_dataset_freiburg3_sitting_rpy,0.26189088727676957,1.5967664117839762,0.6284279849901564,0.2156426174188751,0.041057764671416884,0.05354132246360589,0,0,3
256,output_hold,median,rgbd_dataset_freiburg3_sitting_xyz,0.08836252848883532,0.534194547039029,0.9144449822126525,0.04636261696908988,0.014015471255587978,0.02734537399220795,0,0,4
256,output_hold,median,rgbd_dataset_freiburg3_walking_rpy,0.31450823209871337,1.7366057807339392,0.6488035289785815,0.23052133797040952,0.055902451204273305,0.07178562588065732,0,0,3
256,output_hold,median,rgbd_dataset_freiburg3_walking_xyz,0.21450931511263766,1.1942271199218213,0.75748005226159,0.18472662034377554,0.044456192386130966,0.05978610157996645,0,0,3
256,output_hold,scaleshift,rgbd_dataset_freiburg3_sitting_rpy,0.22923444817331537,1.6325599823875165,0.6545465255627692,0.038025185563205895,0.010234811886569443,0.02648520840264752,0,0,3
256,output_hold,scaleshift,rgbd_dataset_freiburg3_sitting_xyz,0.08972581399842344,0.5464899823438392,0.9143099414672984,0.04283978752061433,0.013251345412945793,0.02676506628555501,0,0,4
256,output_hold,scaleshift,rgbd_dataset_freiburg3_walking_rpy,0.27885211369191787,1.8817105538420462,0.6240179808230024,0.06837115443609898,0.02121038490349818,0.03995064408948132,0,0,3
256,output_hold,scaleshift,rgbd_dataset_freiburg3_walking_xyz,0.2149759144963699,1.2684003951491873,0.6854605603336057,0.12644167133406098,0.03203563282502486,0.048411214476639604,0,0,3
256,da2_256,median,rgbd_dataset_freiburg3_sitting_rpy,0.717716675612922,82.48108638249029,0.49133529309436,13.942652484170752,0.4669048505924799,0.47382495375035966,3,1,3
256,da2_256,median,rgbd_dataset_freiburg3_sitting_xyz,1.5540327652083727,184.58114059100825,0.6922852472596479,22.840399528952204,0.9068122430508136,0.9150165572187606,4,2,4
256,da2_256,median,rgbd_dataset_freiburg3_walking_rpy,1.0970883670701561,101.96899366657321,0.4782822840348234,21.265653562857434,0.915883077825542,0.9249865736236799,3,2,3
256,da2_256,median,rgbd_dataset_freiburg3_walking_xyz,1.2711798159065635,137.6737410147859,0.6152223530490118,10.169767412173202,1.1188169525625162,1.1284841922846451,3,3,3
256,da2_256,scaleshift,rgbd_dataset_freiburg3_sitting_rpy,0.2375721753112876,1.477636015247278,0.5971383295237599,0.14998391095329733,0.047110573163176905,0.058107783819640525,0,0,3
256,da2_256,scaleshift,rgbd_dataset_freiburg3_sitting_xyz,0.15124529195763795,0.8941786911644669,0.781695156779757,0.1973880506029316,0.040554520266311386,0.05151299671656282,0,0,4
256,da2_256,scaleshift,rgbd_dataset_freiburg3_walking_rpy,0.25321524759255587,1.7422226425474028,0.6086725074590753,0.43528424431295953,0.07495006572583102,0.08743024899749098,1,0,3
256,da2_256,scaleshift,rgbd_dataset_freiburg3_walking_xyz,0.24519484858296717,3.8205045875204364,0.6545340273594452,0.462559499304279,0.08228405742768856,0.09468689043093603,1,0,3
256,midas_256,median,rgbd_dataset_freiburg3_sitting_rpy,20.608303090575973,11362.752104662759,0.5540465147334547,4003.8304534313725,24.538634895683728,24.547134680651887,3,3,3
256,midas_256,median,rgbd_dataset_freiburg3_sitting_xyz,83.99392344720906,17921.434866669333,0.7602152773649014,6736.8898897058825,44.6041381599771,44.613980725254635,4,4,4
256,midas_256,median,rgbd_dataset_freiburg3_walking_rpy,42.48247948905252,20570.779874598473,0.5160164827504288,2100.94158496732,47.52165925338699,47.532225885857315,3,3,3
256,midas_256,median,rgbd_dataset_freiburg3_walking_xyz,12.06742637734882,7211.153636914961,0.7014511486736251,1357.3659466911765,12.907536125171273,12.918333919347175,3,3,3
256,midas_256,scaleshift,rgbd_dataset_freiburg3_sitting_rpy,0.20690411904354944,1.434033314403562,0.672136698228945,0.16515359317555148,0.05203867106678294,0.0629705561512079,0,0,3
256,midas_256,scaleshift,rgbd_dataset_freiburg3_sitting_xyz,0.13582966632453322,1.0472752551846773,0.8343740267558628,0.1667579071194518,0.036043411659491646,0.047432698928904206,0,0,4
256,midas_256,scaleshift,rgbd_dataset_freiburg3_walking_rpy,0.22274691630444401,1.577188302486586,0.663239905245757,0.3530779321209278,0.06790862354991745,0.08057020646478541,0,0,3
256,midas_256,scaleshift,rgbd_dataset_freiburg3_walking_xyz,0.1877194907476539,1.349180566963245,0.7529527472529499,0.3236828224331725,0.05845102364461606,0.070692077375125,0,0,3
256,dpt_common,median,rgbd_dataset_freiburg3_sitting_rpy,0.29434764968699145,1.6293629316016587,0.5498018925227102,1.353699169283599,0.1308406100314362,0.13916331375429977,0,0,3
256,dpt_common,median,rgbd_dataset_freiburg3_sitting_xyz,0.626771346172232,202.73236768960058,0.7201434209166042,17.613664933746936,0.4902763237328582,0.49984512476705645,2,1,4
256,dpt_common,median,rgbd_dataset_freiburg3_walking_rpy,1.0700253418637622,337.1094566324579,0.5605353715727172,21.585515200546364,0.8812273901078044,0.8913559104898242,2,1,3
256,dpt_common,median,rgbd_dataset_freiburg3_walking_xyz,0.3062596443602858,39.96277261593991,0.619298150920126,7.047725642584508,0.13084960973146068,0.14095456362368636,1,0,3
256,dpt_common,scaleshift,rgbd_dataset_freiburg3_sitting_rpy,0.21340566349691945,1.485956472797392,0.6502610968398681,0.16671392652723524,0.056903990658858476,0.06767506288217517,0,0,3
256,dpt_common,scaleshift,rgbd_dataset_freiburg3_sitting_xyz,0.14596317255522853,1.0638623469571422,0.8068127138194626,0.1608003765928979,0.045211147049174207,0.05631255634655599,0,0,4
256,dpt_common,scaleshift,rgbd_dataset_freiburg3_walking_rpy,0.2111646970843683,1.5366980727043031,0.692294729695935,0.29123732622931986,0.07025612203370579,0.0826828569868652,0,0,3
256,dpt_common,scaleshift,rgbd_dataset_freiburg3_walking_xyz,0.19998725458270986,1.3588551418754116,0.7056576435526201,0.2276932809867111,0.0612141594960961,0.07346709708693706,0,0,3
8,sparse_k30,none,rgbd_dataset_freiburg3_sitting_rpy,0.21287743620148708,1.5649009840486476,0.7525484317614041,0.17927580310400001,0.029873531577952805,0.04258013497969167,0,0,99
8,sparse_k30,none,rgbd_dataset_freiburg3_sitting_xyz,0.09873001337228521,0.5453099877650949,0.8982467075724169,0.13159130648114628,0.012534618926404947,0.025502642020131857,0,0,152
8,sparse_k30,none,rgbd_dataset_freiburg3_walking_rpy,0.3059877128472191,1.6872567862673136,0.6790210268069108,0.2308989569505371,0.05217516160106661,0.06856015660191346,0,2,108
8,sparse_k30,none,rgbd_dataset_freiburg3_walking_xyz,0.21545684358206596,1.123519970964379,0.7613016822822707,0.2504486590830529,0.043369232957489866,0.0586088918548884,0,0,103
8,sparse_k30,median,rgbd_dataset_freiburg3_sitting_rpy,0.1827096362187683,1.2705078602245257,0.7822343398757488,0.2338368837946077,0.0371682508317951,0.04947572731624232,0,1,99
8,sparse_k30,median,rgbd_dataset_freiburg3_sitting_xyz,0.06599521319588462,0.5101900418006493,0.9432723434650022,0.13088824209946215,0.012337070955608459,0.025359378379322676,0,0,152
8,sparse_k30,median,rgbd_dataset_freiburg3_walking_rpy,0.2825782841373765,1.5777655751497732,0.6766672632790602,0.2695076397999569,0.05547046863194463,0.07177246452350301,0,1,108
8,sparse_k30,median,rgbd_dataset_freiburg3_walking_xyz,0.1806777558322668,1.063705443078702,0.7890836777394054,0.2502661266373199,0.041753468344401835,0.057105504960102756,0,0,103
8,sparse_k30,scaleshift,rgbd_dataset_freiburg3_sitting_rpy,0.14234645476462554,2.0608162964414456,0.7973639734875331,0.1275049736682987,0.020788256541751645,0.03421929432645343,1,0,99
8,sparse_k30,scaleshift,rgbd_dataset_freiburg3_sitting_xyz,0.06574491265869774,0.532727646675734,0.9446093799874885,0.12668492371230422,0.012052204417752234,0.02518725739448827,0,0,152
8,sparse_k30,scaleshift,rgbd_dataset_freiburg3_walking_rpy,0.3937566482732127,20.648297388273228,0.638678484566557,0.6665320009554899,0.11709963626658168,0.1345566697642996,6,2,108
8,sparse_k30,scaleshift,rgbd_dataset_freiburg3_walking_xyz,0.17331858236246034,1.2030954875658881,0.7685642147626477,0.24627631488314283,0.03091419565477445,0.04710734030682512,0,0,103
8,sparse_k5,none,rgbd_dataset_freiburg3_sitting_rpy,0.21164431758414445,1.561197086237413,0.753183531076384,0.18263137942612773,0.031386471900676706,0.04399666049310301,0,0,99
8,sparse_k5,none,rgbd_dataset_freiburg3_sitting_xyz,0.09732568570766006,0.5194728234409305,0.9009620329131343,0.1317263719226633,0.013115388069498224,0.02598858009871491,0,0,152
8,sparse_k5,none,rgbd_dataset_freiburg3_walking_rpy,0.30474475008732577,1.681287172433657,0.6804653900666884,0.23953077392209143,0.05388800725914871,0.07019671164448156,0,2,108
8,sparse_k5,none,rgbd_dataset_freiburg3_walking_xyz,0.21890003890654405,1.1295906160176408,0.7619597817948202,0.2465576257933856,0.04739243129158346,0.06250075043447455,0,0,103
8,sparse_k5,median,rgbd_dataset_freiburg3_sitting_rpy,0.18178905914610446,1.2659975771934309,0.7836924817779641,0.23828593668397544,0.03902036349580262,0.051219016490082085,0,1,99
8,sparse_k5,median,rgbd_dataset_freiburg3_sitting_xyz,0.06432073161654604,0.48334965276748254,0.9468425209820676,0.13109237949987104,0.012903641002690317,0.02583100637331135,0,0,152
8,sparse_k5,median,rgbd_dataset_freiburg3_walking_rpy,0.28086612973808894,1.5587020667195854,0.67857702838723,0.27833367690995886,0.057336074620485566,0.07355948394849492,0,0,108
8,sparse_k5,median,rgbd_dataset_freiburg3_walking_xyz,0.18339917432230313,1.070832657663762,0.7900780310310239,0.24641082889494717,0.04556260628562678,0.060794933512308184,0,0,103
8,sparse_k5,scaleshift,rgbd_dataset_freiburg3_sitting_rpy,0.14197741982330764,2.0603521488089886,0.7986213329307363,0.13061514100084057,0.02166247583541373,0.035019917398384705,1,0,99
8,sparse_k5,scaleshift,rgbd_dataset_freiburg3_sitting_xyz,0.06392996981396173,0.5073554290560955,0.9480923777722958,0.1272769962836589,0.012641847748064542,0.02568305161062324,0,0,152
8,sparse_k5,scaleshift,rgbd_dataset_freiburg3_walking_rpy,0.3933590239650534,20.613423332915875,0.6395654259616128,0.6379089056164342,0.1192603101158293,0.13663436755836417,5,2,108
8,sparse_k5,scaleshift,rgbd_dataset_freiburg3_walking_xyz,0.17546742260086015,1.21522531607394,0.7677100073132862,0.24331676742984254,0.0327625074786002,0.04887956695863627,0,0,103
8,dense_carry,none,rgbd_dataset_freiburg3_sitting_rpy,0.21088167702274313,1.5576618131526703,0.7547053884438564,0.16743761933211124,0.029017322327210538,0.04179585858357335,0,0,99
8,dense_carry,none,rgbd_dataset_freiburg3_sitting_xyz,0.09673436873807101,0.4916486106438759,0.9025589427776384,0.061841295737969246,0.010448803794688087,0.023966281131441492,0,0,152
8,dense_carry,none,rgbd_dataset_freiburg3_walking_rpy,0.3051721810612068,1.6723094648766008,0.6824407399931116,0.21421124354477913,0.05132658783827406,0.06764319343758232,0,2,108
8,dense_carry,none,rgbd_dataset_freiburg3_walking_xyz,0.22983446571389715,1.1653470891180684,0.7606588117059228,0.17439505139600883,0.037542706433150705,0.05284116474707119,0,0,103
8,dense_carry,median,rgbd_dataset_freiburg3_sitting_rpy,0.18112066507218458,1.2448449526644305,0.7842696846354066,0.22059890894490747,0.03636678999446415,0.048699214700121056,0,1,99
8,dense_carry,median,rgbd_dataset_freiburg3_sitting_xyz,0.06339589972127452,0.45406090619437983,0.949517901633462,0.061151363949914626,0.010246270493653169,0.02381560025394293,0,0,152
8,dense_carry,median,rgbd_dataset_freiburg3_walking_rpy,0.28023931658103496,1.5420843123254262,0.6807566926950687,0.2491274763627973,0.05471022042304079,0.07094315395684185,0,0,108
8,dense_carry,median,rgbd_dataset_freiburg3_walking_xyz,0.19285258984836176,1.1019052003211185,0.7876298521570344,0.17286804372163156,0.035588948245865996,0.05102596011486355,0,0,103
8,dense_carry,scaleshift,rgbd_dataset_freiburg3_sitting_rpy,0.1425317337200313,2.0645489608578482,0.7987308797549568,0.12658449830581445,0.02078379902771586,0.03421672346920071,1,0,99
8,dense_carry,scaleshift,rgbd_dataset_freiburg3_sitting_xyz,0.06341853687028495,0.4808704492150446,0.9505566964172802,0.059425106160062593,0.010032441415129087,0.02369785764588729,0,0,152
8,dense_carry,scaleshift,rgbd_dataset_freiburg3_walking_rpy,0.43405181465040027,22.13077553997352,0.6394257636802273,0.5575299776065602,0.12087074805773246,0.13823699917300405,6,2,108
8,dense_carry,scaleshift,rgbd_dataset_freiburg3_walking_xyz,0.18080323715590493,1.2792589651686763,0.7584198467119821,0.18778778501009974,0.026411469994729216,0.04277172749104817,0,0,103
8,dense_reset,none,rgbd_dataset_freiburg3_sitting_rpy,0.21830685203240321,1.5961887564576458,0.7417221145142282,0.20108701563930786,0.03605266698520448,0.04865252566931298,0,0,99
8,dense_reset,none,rgbd_dataset_freiburg3_sitting_xyz,0.09672519432707918,0.501686700891945,0.9022616503970574,0.06421110885483879,0.011686179276512863,0.025259328369690713,0,0,152
8,dense_reset,none,rgbd_dataset_freiburg3_walking_rpy,0.3070583169401713,1.6917349294862185,0.6744359312906739,0.24246783992127766,0.06194351718637312,0.07803424556420477,0,2,108
8,dense_reset,none,rgbd_dataset_freiburg3_walking_xyz,0.22871960910249617,1.1805890261361347,0.7546434951325716,0.20765285572132688,0.046028840276999744,0.06112136790212687,0,0,103
8,dense_reset,median,rgbd_dataset_freiburg3_sitting_rpy,0.18621350722565108,1.238905984446763,0.7791848595184766,0.27611359321709833,0.046443949256759445,0.0585457642852446,0,1,99
8,dense_reset,median,rgbd_dataset_freiburg3_sitting_xyz,0.0638367416673139,0.4658218146252442,0.9485373938537053,0.06355120338275469,0.01148031844627777,0.025096654086816494,0,0,152
8,dense_reset,median,rgbd_dataset_freiburg3_walking_rpy,0.28136348552718005,1.5408771299636748,0.6755312370278531,0.2879289139909719,0.06622702295437129,0.08219720705667605,0,0,108
8,dense_reset,median,rgbd_dataset_freiburg3_walking_xyz,0.19232800022175192,1.118558443111006,0.7838146356530796,0.2077319428593375,0.04408261957416885,0.05929198967157072,0,0,103
8,dense_reset,scaleshift,rgbd_dataset_freiburg3_sitting_rpy,0.14490924385986914,1.2422225854007938,0.7924181372384677,0.13702274861639369,0.022924198285289996,0.03628174115579263,1,0,99
8,dense_reset,scaleshift,rgbd_dataset_freiburg3_sitting_xyz,0.06325655033765935,0.4887287988613757,0.9493136284329953,0.06199268628387971,0.011239827784912133,0.024939889244238594,0,0,152
8,dense_reset,scaleshift,rgbd_dataset_freiburg3_walking_rpy,0.31735110592906024,17.58447255091885,0.6328386621325434,0.6258108161251854,0.08415919623117192,0.10126627772790435,6,2,108
8,dense_reset,scaleshift,rgbd_dataset_freiburg3_walking_xyz,0.18064927361490526,1.41644862498783,0.7549115583776076,0.17522756077462856,0.031151308784530457,0.04730701304161634,1,0,103
8,output_hold,none,rgbd_dataset_freiburg3_sitting_rpy,0.21882867004816858,1.5961320997557085,0.7416697167520584,0.18590400694828468,0.03381403917425992,0.04645714117179426,0,0,99
8,output_hold,none,rgbd_dataset_freiburg3_sitting_xyz,0.09838196248543564,0.5146787412921024,0.8995690200883455,0.04107180512248743,0.012417289208888389,0.025273638761619175,0,0,152
8,output_hold,none,rgbd_dataset_freiburg3_walking_rpy,0.30851080816619225,1.6971736582726622,0.6728763282398409,0.2216634979944617,0.058744863445815025,0.0750473370863955,0,2,108
8,output_hold,none,rgbd_dataset_freiburg3_walking_xyz,0.22811170145596663,1.17721782537983,0.7566599704637896,0.1775522268397912,0.04237912463653056,0.05747970615342462,0,0,103
8,output_hold,median,rgbd_dataset_freiburg3_sitting_rpy,0.1867940585306126,1.2491749169775304,0.7780678769633279,0.25604028028837833,0.043333478081749546,0.055549213883776254,0,1,99
8,output_hold,median,rgbd_dataset_freiburg3_sitting_xyz,0.06550288541899117,0.47834828687559927,0.9447347669046463,0.04061007647815268,0.012211559013567706,0.025123492174184813,0,0,152
8,output_hold,median,rgbd_dataset_freiburg3_walking_rpy,0.2834495937291887,1.5490082223279091,0.6731665263334827,0.26399378157738185,0.062467882670546815,0.07865606323226904,0,0,108
8,output_hold,median,rgbd_dataset_freiburg3_walking_xyz,0.1927633771781448,1.1142737799964821,0.7862094000240719,0.17793097440314823,0.040606823008485816,0.055819690259065066,0,0,103
8,output_hold,scaleshift,rgbd_dataset_freiburg3_sitting_rpy,0.14540175793541152,1.2433613688675118,0.7904654063728064,0.12317938977969382,0.021522225267371894,0.03493147581716922,1,0,99
8,output_hold,scaleshift,rgbd_dataset_freiburg3_sitting_xyz,0.06536792812847322,0.49717441576636556,0.9461116048171218,0.03895161498918529,0.011771438077722025,0.024836369729864267,0,0,152
8,output_hold,scaleshift,rgbd_dataset_freiburg3_walking_rpy,0.31657761487331565,17.34642491982224,0.6324447850447764,0.5756750019148938,0.07855924351295714,0.09592202749436235,6,2,108
8,output_hold,scaleshift,rgbd_dataset_freiburg3_walking_xyz,0.18136601475426328,1.5308611167306487,0.7554693677024947,0.15763631186043733,0.02960391707839438,0.04585757232970223,1,0,103
8,da2_256,median,rgbd_dataset_freiburg3_sitting_rpy,0.6093882734644079,90.25320883903824,0.6597185223179767,19.819904972292473,0.4625884073971317,0.4694754230402503,40,13,99
8,da2_256,median,rgbd_dataset_freiburg3_sitting_xyz,1.4000734354229434,190.23242092674528,0.8169775892022232,23.633035566573753,0.8504249208901081,0.8585079570670037,125,55,152
8,da2_256,median,rgbd_dataset_freiburg3_walking_rpy,1.0680766865920233,109.03305959121201,0.6324756383818065,24.55334963826906,0.9149480619817015,0.9242185227622207,68,36,108
8,da2_256,median,rgbd_dataset_freiburg3_walking_xyz,1.0438250709330872,124.18650592891005,0.76717008774245,9.652387217906576,0.9926033189292651,1.0024321496073134,87,30,103
8,da2_256,scaleshift,rgbd_dataset_freiburg3_sitting_rpy,0.144400289116848,1.3309009132742975,0.8210549690161862,2.291413043140505,0.06466030615958132,0.07444154589238342,3,0,99
8,da2_256,scaleshift,rgbd_dataset_freiburg3_sitting_xyz,0.10902612559678798,2.5630231380045596,0.904946202205821,0.32154457133851555,0.048773610274453934,0.05886889765314604,3,0,152
8,da2_256,scaleshift,rgbd_dataset_freiburg3_walking_rpy,0.3137001563339293,24.466267055923595,0.7459170750663409,4.937270227326918,0.23473821626404678,0.24709906825270814,22,6,108
8,da2_256,scaleshift,rgbd_dataset_freiburg3_walking_xyz,0.3072936300757984,25.928293045358917,0.8205005202181961,1.784605278304149,0.14976198984727362,0.16167490986586872,17,3,103
8,midas_256,median,rgbd_dataset_freiburg3_sitting_rpy,22.36744994644461,13801.300211750351,0.6409501670855996,4365.551514107944,18.77967928800674,18.78806654224452,20,19,99
8,midas_256,median,rgbd_dataset_freiburg3_sitting_xyz,71.1209228431538,16661.574452381097,0.8137369285034484,5947.032022305001,38.79827009647148,38.80782487135664,51,49,152
8,midas_256,median,rgbd_dataset_freiburg3_walking_rpy,35.04955046905019,17812.288448896157,0.6136182358783515,1874.6476634990759,38.41617440837321,38.42697051156901,22,22,108
8,midas_256,median,rgbd_dataset_freiburg3_walking_xyz,14.104118262979929,8352.448710323555,0.7601433773206153,2044.271888945536,14.135810809270343,14.146682942657076,20,20,103
8,midas_256,scaleshift,rgbd_dataset_freiburg3_sitting_rpy,0.14928775730265784,6.537170811865277,0.81702749497163,0.6823163892197575,0.060722887267507054,0.07126514348493364,1,1,99
8,midas_256,scaleshift,rgbd_dataset_freiburg3_sitting_xyz,0.11555898650996416,2.3931867997878213,0.8767197084374433,0.6318054527492452,0.039511958050154124,0.05038746504829583,3,0,152
8,midas_256,scaleshift,rgbd_dataset_freiburg3_walking_rpy,0.1976979515700283,12.279189813205237,0.7624095705136941,2.54114126540208,0.0756719389678019,0.08882002675743891,7,3,108
8,midas_256,scaleshift,rgbd_dataset_freiburg3_walking_xyz,0.16870612052184356,14.364040892026802,0.83354045252699,5.741006587067523,0.0740624998570476,0.08641196577034024,11,1,103
8,dpt_common,median,rgbd_dataset_freiburg3_sitting_rpy,0.23369984819046344,1.5802355515195114,0.6724046531561764,1.3531253033386164,0.12724203750204244,0.13537494731392744,0,0,99
8,dpt_common,median,rgbd_dataset_freiburg3_sitting_xyz,0.492105211267126,177.07238569897723,0.8184231928825514,14.780861382421694,0.30640476817600076,0.31592521824886743,9,5,152
8,dpt_common,median,rgbd_dataset_freiburg3_walking_rpy,0.8957381782728456,300.6375066751344,0.6686743099161496,19.321502738055727,0.7607083189832806,0.7710959572814868,11,11,108
8,dpt_common,median,rgbd_dataset_freiburg3_walking_xyz,0.2342821871704761,40.48653912143498,0.7651699453037754,6.715262931196766,0.12081219318521919,0.13097872050797235,2,1,103
8,dpt_common,scaleshift,rgbd_dataset_freiburg3_sitting_rpy,0.14325350552214824,1.1541020635700752,0.8233183227847358,0.2900431056387325,0.06656806396168995,0.07653902036057204,0,0,99
8,dpt_common,scaleshift,rgbd_dataset_freiburg3_sitting_xyz,0.11676645115200664,3.608534196951723,0.8827150838813398,0.5455098052446107,0.051295520711123095,0.0617941944861919,1,0,152
8,dpt_common,scaleshift,rgbd_dataset_freiburg3_walking_rpy,0.3205133193487397,17.573379941917445,0.7963675583321977,2.128864560059454,0.1799064598787261,0.19269407311702802,5,4,108
8,dpt_common,scaleshift,rgbd_dataset_freiburg3_walking_xyz,0.16146676023324716,12.21859555892799,0.8412609570497577,1.8313983831756158,0.06996169791622356,0.08191554656483004,3,3,103
